originalLanguageCode	bookName	bookNameEnglishGuide	BOSReferenceAbbreviation	BOSReferenceNumber	BOSSequenceNumber	expectedChapters	shortAbbreviation	SBLAbbreviation	OSISAbbreviation	SwordAbbreviation	CCELNumber	USFMAbbreviation	USFMNumber	USXNumber	UnboundCode	BibleditNumber	LogosNumber	LogosAbbreviation	NETBibleAbbreviation	DrupalBibleAbbreviation	BibleWorksAbbreviation	ByzantineAbbreviation	possibleAlternativeAbbreviations	possibleAlternativeBooksCodes	consistsOfBooks	typicalSection	typicalSubsection	allEnglishDerivedAbbreviations
hbo	בְּרֵאשִׁית	Genesis / 1 Moses	GEN	1	20	50	Ge	Gen	Gen	Gen	1	Gen	01	001	01O	1	1	Ge	Gen	Gen	GEN		GENE,GNSS,1 MSS			OT	Pentateuch	1 MO,1 MOS,1 MOSE,1 MOSES,1 MS,1 MSS,1MO,1MOS,1MOSE,1MOSES,1MS,1MSS,GE,GEN,GENE,GENES,GENESI,GENESIS,GN,GNS,GNSS
hbo	שְׁמֹות	Exodus / 2 Moses	EXO	2	22	40	Ex	Exod	Exod	Exod	2	Exo	02	002	02O	2	2	Ex	Exo	Exo	EXO		EXDS,2 MSS			OT	Pentateuch	2 MO,2 MOS,2 MOSE,2 MOSES,2 MS,2 MSS,2MO,2MOS,2MOSE,2MOSES,2MS,2MSS,EX,EXD,EXDS,EXO,EXOD,EXODU,EXODUS
hbo	וַיִּקְרָא	Leviticus / 3 Moses	LEV	3	24	27	Le	Lev	Lev	Lev	3	Lev	03	003	03O	3	3	Le	Lev	Lev	LEV		LVT,3 MSS			OT	Pentateuch	3 MO,3 MOS,3 MOSE,3 MOSES,3 MS,3 MSS,3MO,3MOS,3MOSE,3MOSES,3MS,3MSS,LE,LEV,LEVI,LEVIT,LEVITI,LEVITIC,LEVITICU,LEVITICUS,LV,LVT
hbo	בְּמִדְבַּר	Numbers / 4 Moses	NUM	4	26	36	Nu	Num	Num	Num	4	Num	04	004	04O	4	4	Nu	Num	Num	NUM		NMBRS,4 MSS			OT	Pentateuch	4 MO,4 MOS,4 MOSE,4 MOSES,4 MS,4 MSS,4MO,4MOS,4MOSE,4MOSES,4MS,4MSS,NM,NMB,NMBR,NMBRS,NU,NUM,NUMB,NUMBE,NUMBER,NUMBERS
hbo	דְּבָרִים	Deuteronomy / 5 Moses	DEU	5	28	34	Dt	Deut	Deut	Deut	5	Deu	05	005	05O	5	5	Dt	Deu	Deu	DEU		DTRN,5 MSS			OT	Pentateuch	5 MO,5 MOS,5 MOSE,5 MOSES,5 MS,5 MSS,5MO,5MOS,5MOSE,5MOSES,5MS,5MSS,DE,DEU,DEUT,DEUTE,DEUTER,DEUTERO,DEUTERON,DEUTERONO,DEUTERONOM,DEUTERONOMY,DT,DTR,DTRN
hbo	יְהוֹשֻעַ	Joshua / Joshua son of Nun	JOS	6	30	24	Jos	Josh	Josh	Josh	6	Jos	06	006	06O	6	6	Jos	Jos	Jos	JOS		JS,JSH	JSA		OT	Historical	JOS,JOSH,JOSHUA,JOSHUA SO,JOSHUA SON,JOSHUA SON O,JOSHUA SON OF,JOSHUA SON OF N,JOSHUA SON OF NU,JOSHUA SON OF NUN,JOSHUAS,JOSHUASON,JOSHUASONO,JOSHUASONOF,JOSHUASONOFN,JOSHUASONOFNU,JOSHUASONOFNUN,JS,JSH
hbo	שֹׁפְטִים	Judges	JDG	7	32	21	Jdg	Judg	Judg	Judg	7	Jdg	07	007	07O	7	7	Jdg	Jdg	Jug	JDG		JG,JDGS	JGB		OT	Historical	JDG,JDGS,JG,JUDG,JUDGES,JUG
hbo	רוּת	Ruth	RUT	8	34	4	Ru	Ruth	Ruth	Ruth	8	Rut	08	008	08O	8	8	Ru	Rut	Rut	RUT		RTH			OT	Historical	RT,RTH,RU,RUT,RUTH
hbo	שְׁמוּאֵל א	1 Samuel / 1 Kingdoms / 1 Kings	SA1	9	38	31	1Sa	1 Sam	1Sam	1Sam	9	1Sa	09	009	09O	9	9	1Sa	1Sa	1Sm	1SA		1 SML,1 KNGDMS			OT	Historical	1 KINGD,1 KINGDO,1 KINGDOM,1 KINGDOMS,1 KNGD,1 KNGDM,1 KNGDMS,1 S,1 SA,1 SAM,1 SAMU,1 SAMUE,1 SAMUEL,1 SM,1 SML,1KINGD,1KINGDO,1KINGDOM,1KINGDOMS,1KNGD,1KNGDM,1KNGDMS,1S,1SA,1SAM,1SAMU,1SAMUE,1SAMUEL,1SM,1SML,SA1
hbo	שְׁמוּאֵל ב	2 Samuel / 2 Kingdoms / 2 Kings	SA2	10	40	24	2Sa	2 Sam	2Sam	2Sam	10	2Sa	10	010	10O	10	10	2Sa	2Sa	2Sm	2SA		2 SML,2 KNGDMS			OT	Historical	2 KINGD,2 KINGDO,2 KINGDOM,2 KINGDOMS,2 KNGD,2 KNGDM,2 KNGDMS,2 S,2 SA,2 SAM,2 SAMU,2 SAMUE,2 SAMUEL,2 SM,2 SML,2KINGD,2KINGDO,2KINGDOM,2KINGDOMS,2KNGD,2KNGDM,2KNGDMS,2S,2SA,2SAM,2SAMU,2SAMUE,2SAMUEL,2SM,2SML,SA2
hbo	מְלָכִים א	1 Kings / 3 Kingdoms / 3 Kings	KI1	11	44	22	1Ki	1 Kgs	1Kgs	1Kgs	11	1Ki	11	011	11O	11	11	1Ki	1Ki	1Kg	1KI		1 KINGS,1 KING,1 KIN,1 KNGS,3 KNGDMS			OT	Historical	1 KG,1 KGS,1 KIN,1 KING,1 KINGS,1 KNGS,1KG,1KGS,1KI,1KIN,1KING,1KINGS,1KNGS,3 K,3 KI,3 KIN,3 KING,3 KINGD,3 KINGDO,3 KINGDOM,3 KINGDOMS,3 KINGS,3 KN,3 KNG,3 KNGD,3 KNGDM,3 KNGDMS,3K,3KI,3KIN,3KING,3KINGD,3KINGDO,3KINGDOM,3KINGDOMS,3KINGS,3KN,3KNG,3KNGD,3KNGDM,3KNGDMS,KI1
hbo	מְלָכִים ב	2 Kings / 4 Kingdoms / 4 Kings	KI2	12	46	25	2Ki	2 Kgs	2Kgs	2Kgs	12	2Ki	12	012	12O	12	12	2Ki	2Ki	2Kg	2KI		2 KINGS,2 KING,2 KIN,2 KNGS,4 KNGDMS			OT	Historical	2 KG,2 KGS,2 KIN,2 KING,2 KINGS,2 KNGS,2KG,2KGS,2KI,2KIN,2KING,2KINGS,2KNGS,4 K,4 KI,4 KIN,4 KING,4 KINGD,4 KINGDO,4 KINGDOM,4 KINGDOMS,4 KINGS,4 KN,4 KNG,4 KNGD,4 KNGDM,4 KNGDMS,4K,4KI,4KIN,4KING,4KINGD,4KINGDO,4KINGDOM,4KINGDOMS,4KINGS,4KN,4KNG,4KNGD,4KNGDM,4KNGDMS,KI2
hbo	דִּבְרֵי הַיָּמִים א	1 Chronicles / 1 Paralipomenon	CH1	13	50	29	1Ch	1 Chr	1Chr	1Chr	13	1Ch	13	013	13O	13	13	1Ch	1Ch	1Ch	1CH		1 CHRN			OT	Historical	1 CH,1 CHR,1 CHRN,1 CHRO,1 CHRON,1 CHRONI,1 CHRONIC,1 CHRONICL,1 CHRONICLE,1 CHRONICLES,1 PA,1 PAR,1 PARA,1 PARAL,1 PARALI,1 PARALIP,1 PARALIPO,1 PARALIPOM,1 PARALIPOME,1 PARALIPOMEN,1 PARALIPOMENO,1 PARALIPOMENON,1CH,1CHR,1CHRN,1CHRO,1CHRON,1CHRONI,1CHRONIC,1CHRONICL,1CHRONICLE,1CHRONICLES,1PA,1PAR,1PARA,1PARAL,1PARALI,1PARALIP,1PARALIPO,1PARALIPOM,1PARALIPOME,1PARALIPOMEN,1PARALIPOMENO,1PARALIPOMENON,CH1
hbo	דִּבְרֵי הַיָּמִים ב	2 Chronicles / 2 Paralipomenon	CH2	14	52	36,37	2Ch	2 Chr	2Chr	2Chr	14	2Ch	14	014	14O	14	14	2Ch	2Ch	2Ch	2CH		2 CHRN			OT	Historical	2 CH,2 CHR,2 CHRN,2 CHRO,2 CHRON,2 CHRONI,2 CHRONIC,2 CHRONICL,2 CHRONICLE,2 CHRONICLES,2 PA,2 PAR,2 PARA,2 PARAL,2 PARALI,2 PARALIP,2 PARALIPO,2 PARALIPOM,2 PARALIPOME,2 PARALIPOMEN,2 PARALIPOMENO,2 PARALIPOMENON,2CH,2CHR,2CHRN,2CHRO,2CHRON,2CHRONI,2CHRONIC,2CHRONICL,2CHRONICLE,2CHRONICLES,2PA,2PAR,2PARA,2PARAL,2PARALI,2PARALIP,2PARALIPO,2PARALIPOM,2PARALIPOME,2PARALIPOMEN,2PARALIPOMENO,2PARALIPOMENON,CH2
hbo	עֶזְרָא	Ezra / 1 Ezra / 1 Esdras	EZR	15	60	10	Ezr	Ezra	Ezra	Ezra	15	Ezr	15	015	15O	15	15	Ezr	Ezr	Ezr	EZR		EZRA	EZN		OT	Historical	EZR,EZRA
hbo	נְחֶמְיָה	Nehemiah / 2 Ezra / 2 Esdras	NEH	16	70	13	Ne	Neh	Neh	Neh	16	Neh	16	016	16O	16	16	Ne	Neh	Neh	NEH		NHMH	EZN		OT	Historical	NE,NEH,NEHE,NEHEM,NEHEMI,NEHEMIA,NEHEMIAH,NHMH
hbo	אֶסְתֵר	Esther	EST	17	80	10	Es	Esth	Esth	Esth	17	Est	17	017	17O	17	17	Es	Est	Est	EST		ESTHR,ESTER,ESTR	ESG,ESA,ESC		OT	Historical	ES,EST,ESTE,ESTER,ESTH,ESTHER,ESTHR,ESTR
hbo	אִיּוֹב	Job	JOB	18	90	42	Jb	Job	Job	Job	18	Job	18	018	18O	18	18	Job	Job	Job	JOB					OT	Poetry-Wisdom	JB,JOB
hbo	תְהִלִּים	Psalms / Gallicanum / Psalms A	PSA	19	100	150,151	Ps	Ps	Ps	Ps	19	Psa	19	019	19O	19	19	Ps	Psa	Ps	PSA		PSAL,PSALM,PSLMS	PB1,PB2,PB3,PB4,PB5		OT	Poetry-Wisdom	GALL,GALLI,GALLIC,GALLICA,GALLICAN,GALLICANU,GALLICANUM,PS,PSA,PSAL,PSALM,PSALMS,PSALMS A,PSALMSA,PSL,PSLM,PSLMS
hbo	מִשְׁלֵי	Proverbs	PRO	20	110	31	Pr	Prov	Prov	Prov	20	Pro	20	020	20O	20	20	Pr	Pro	Pro	PRO		PRVB			OT	Poetry-Wisdom	PR,PRO,PROV,PROVE,PROVER,PROVERB,PROVERBS,PRV,PRVB
hbo	קֹהֶלֶת	Ecclesiastes / Qoholeth	ECC	21	120	12	Ec	Eccl	Eccl	Eccl	21	Ecc	21	021	21O	21	21	Ec	Ecc	Ecc	ECC		ECCLE,ECCLS,ECCLES,ECCLST,ECCLESI,ECCLSTS			OT	Poetry-Wisdom	EC,ECC,ECCL,ECCLE,ECCLES,ECCLESI,ECCLESIASTE,ECCLESIASTES,ECCLS,ECCLST,ECCLSTS,QO,QOH,QOHO,QOHOL,QOHOLE,QOHOLET,QOHOLETH
hbo	שִׁיר הַשִּׁירִים	Song of Solomon / Song of Songs / Canticles / Canticle of Canticles	SNG	22	130	8	So	Song	Song	Song	22	Sng	22	022	22O	22	22	So	Sos	Son	SOL		SL,SS,CANT,CNT			OT	Poetry-Wisdom	CAN,CANT,CANTI,CANTIC,CANTICL,CANTICLE,CANTICLE O,CANTICLE OF,CANTICLE OF C,CANTICLE OF CA,CANTICLE OF CAN,CANTICLE OF CANT,CANTICLE OF CANTI,CANTICLE OF CANTIC,CANTICLE OF CANTICL,CANTICLE OF CANTICLE,CANTICLE OF CANTICLES,CANTICLEO,CANTICLEOF,CANTICLEOFC,CANTICLEOFCA,CANTICLEOFCAN,CANTICLEOFCANT,CANTICLEOFCANTI,CANTICLEOFCANTIC,CANTICLEOFCANTICL,CANTICLEOFCANTICLE,CANTICLEOFCANTICLES,CANTICLES,CNT,SL,SN,SNG,SO,SOL,SON,SONG,SONG OF S,SONG OF SO,SONG OF SOL,SONG OF SOLO,SONG OF SOLOM,SONG OF SOLOMO,SONG OF SOLOMON,SONG OF SON,SONG OF SONG,SONG OF SONGS,SONGOFS,SONGOFSO,SONGOFSOL,SONGOFSOLO,SONGOFSOLOM,SONGOFSOLOMO,SONGOFSOLOMON,SONGOFSON,SONGOFSONG,SONGOFSONGS,SOS,SS
hbo	יְשַׁעְיָהוּ	Isaiah	ISA	23	132	66	Is	Isa	Isa	Isa	23	Isa	23	023	23O	23	23	Is	Isa	Isa	ISA					OT	Major Prophets	IS,ISA,ISAI,ISAIA,ISAIAH
hbo	יִרְמְיָהוּ	Jeremiah	JER	24	134	52	Je	Jer	Jer	Jer	24	Jer	24	024	24O	24	24	Je	Jer	Jer	JER		JRMH			OT	Major Prophets	JE,JER,JERE,JEREM,JEREMI,JEREMIA,JEREMIAH,JRM,JRMH
hbo	אֵיכָה	Lamentations / Lamentations of Jeremiah	LAM	25	136	5	La	Lam	Lam	Lam	25	Lam	25	025	25O	25	25	La	Lam	Lam	LAM		LMTTS			OT	Poetry-Wisdom	LA,LAM,LAME,LAMEN,LAMENT,LAMENTA,LAMENTAT,LAMENTATI,LAMENTATIO,LAMENTATION,LAMENTATIONS,LAMENTATIONS O,LAMENTATIONS OF,LAMENTATIONS OF J,LAMENTATIONS OF JE,LAMENTATIONS OF JER,LAMENTATIONS OF JERE,LAMENTATIONS OF JEREM,LAMENTATIONS OF JEREMI,LAMENTATIONS OF JEREMIA,LAMENTATIONS OF JEREMIAH,LAMENTATIONSO,LAMENTATIONSOF,LAMENTATIONSOFJ,LAMENTATIONSOFJE,LAMENTATIONSOFJER,LAMENTATIONSOFJERE,LAMENTATIONSOFJEREM,LAMENTATIONSOFJEREMI,LAMENTATIONSOFJEREMIA,LAMENTATIONSOFJEREMIAH,LM,LMT,LMTT,LMTTS
hbo	יְחֶזְקֵאל	Ezekiel	EZE	26	138	48	Eze	Ezek	Ezek	Ezek	26	Ezk	26	026	26O	26	26	Eze	Eze	Eze	EZE		EZKL			OT	Major Prophets	EZE,EZEK,EZEKIEL,EZK,EZKL
hbo	דָּנִיֵּאל	Daniel	DAN	27	140	12,14	Da	Dan	Dan	Dan	27	Dan	27	027	27O	27	27	Da	Dan	Dan	DAN		DN,DNL	DNG,DNA,DNC,DNT		OT	Major Prophets	DA,DAN,DANIEL,DN,DNL
hbo	הוֹשֵׁעַ	Hosea	HOS	28	152	14	Ho	Hos	Hos	Hos	28	Hos	28	028	28O	28	28	Ho	Hos	Hos	HOS		HS			OT	Minor Prophets	HO,HOS,HOSE,HOSEA,HS
hbo	יוֹאֵל	Joel	JOL	29	154	3,4	Jol	Joel	Joel	Joel	29	Jol	29	029	29O	29	29	Joe	Joe	Joe	JOE		JL			OT	Minor Prophets	JL,JOE,JOEL,JOL
hbo	עָמוֹס	Amos	AMO	30	156	9	Am	Amos	Amos	Amos	30	Amo	30	030	30O	30	30	Am	Amo	Amo	AMO		AMS			OT	Minor Prophets	AM,AMO,AMOS,AMS
hbo	עֹבַדְיָה	Obadiah	OBA	31	158	1	Ob	Obad	Obad	Obad	31	Oba	31	031	31O	31	31	Ob	Oba	Oba	OBA		OBDH			OT	Minor Prophets	OB,OBA,OBAD,OBADI,OBADIA,OBADIAH,OBD,OBDH
hbo	יוֹנָה	Jonah	JNA	32	160	4	Jon	Jonah	Jonah	Jonah	32	Jon	32	032	32O	32	32	Jon	Jon	Jon	JON		JNH			OT	Minor Prophets	JNA,JNH,JON,JONA,JONAH
hbo	מִיכָה	Micah	MIC	33	162	7	Mi	Mic	Mic	Mic	33	Mic	33	033	33O	33	33	Mic	Mic	Mic	MIC		MCH,MICH			OT	Minor Prophets	MC,MCH,MI,MIC,MICA,MICAH,MICH
hbo	נַחוּם	Nahum	NAH	34	164	3	Na	Nah	Nah	Nah	34	Nam	34	034	34O	34	34	Na	Nah	Nah	NAH		NHM			OT	Minor Prophets	NA,NAH,NAHU,NAHUM,NAM,NHM
hbo	חֲבַקּוּק	Habakkuk	HAB	35	166	3	Hab	Hab	Hab	Hab	35	Hab	35	035	35O	35	35	Hab	Hab	Hab	HAB		HBKK			OT	Minor Prophets	HAB,HABA,HABAK,HABAKK,HABAKKU,HABAKKUK,HBK,HBKK
hbo	צְפַנְיָה	Zephaniah	ZEP	36	168	3	Zep	Zeph	Zeph	Zeph	36	Zep	36	036	36O	36	36	Zep	Zep	Zep	ZEP		ZPH			OT	Minor Prophets	ZEP,ZEPH,ZEPHA,ZEPHAN,ZEPHANI,ZEPHANIA,ZEPHANIAH,ZP,ZPH
hbo	חַגַּי	Haggai	HAG	37	170	2	Hag	Hag	Hag	Hag	37	Hag	37	037	37O	37	37	Hag	Hag	Hag	HAG		HGG			OT	Minor Prophets	HAG,HAGG,HAGGA,HAGGAI,HG,HGG
hbo	זְכַרְיָה	Zechariah	ZEC	38	172	14	Zec	Zech	Zech	Zech	38	Zec	38	038	38O	38	38	Zec	Zec	Zec	ZEC		ZCRH			OT	Minor Prophets	ZC,ZCR,ZCRH,ZEC,ZECH,ZECHA,ZECHAR,ZECHARI,ZECHARIA,ZECHARIAH
hbo	מַלְאָכִי	Malachi	MAL	39	174	4,3	Mal	Mal	Mal	Mal	39	Mal	39	039	39O	39	39	Mal	Mal	Mal	MAL		MLC			OT	Minor Prophets	MAL,MALA,MALAC,MALACH,MALACHI,ML,MLC
el-x-koine	Κατὰ Μαθθαῖον	Matthew	MAT	40	600	28	Mt	Matt	Matt	Matt	40	Mat	41	040	40N	40	61	Mt	Mat	Mat	MAT	MT	MTT,MATHEW			NT	Gospels	MAT,MATH,MATHE,MATHEW,MATT,MATTH,MATTHE,MATTHEW,MT,MTT
el-x-koine	Κατὰ Μᾶρκον	Mark	MRK	41	602	16	Mk	Mark	Mark	Mark	41	Mrk	42	041	41N	41	62	Mk	Mar	Mak	MAR	MR				NT	Gospels	MAK,MAR,MARK,MK,MR,MRK
el-x-koine	Κατὰ Λουκᾶν	Luke	LUK	42	604	24	Lk	Luke	Luke	Luke	42	Luk	43	042	42N	42	63	Lk	Luk	Luk	LUK	LU		LKA		NT	Gospels	LK,LU,LUK,LUKE
el-x-koine	Κατὰ Ἰωάννην	John	JHN	43	606	21	Jn	John	John	John	43	Jhn	44	043	43N	43	64	Jn	Joh	Jhn	JOH	JOH				NT	Gospels	JH,JHN,JN,JOH,JOHN
el-x-koine	Πράξεις Ἀποστόλων	Acts / Acts of the Apostles	ACT	44	610	28	Ac	Acts	Acts	Acts	44	Act	45	044	44N	44	65	Ac	Act	Act	ACT	AC		LKA		NT	Acts	AC,ACT,ACTS,ACTS O,ACTS OF,ACTS OF T,ACTS OF TH,ACTS OF THE,ACTS OF THE A,ACTS OF THE AP,ACTS OF THE APO,ACTS OF THE APOS,ACTS OF THE APOST,ACTS OF THE APOSTL,ACTS OF THE APOSTLE,ACTS OF THE APOSTLES,ACTSO,ACTSOF,ACTSOFT,ACTSOFTH,ACTSOFTHE,ACTSOFTHEA,ACTSOFTHEAP,ACTSOFTHEAPO,ACTSOFTHEAPOS,ACTSOFTHEAPOST,ACTSOFTHEAPOSTL,ACTSOFTHEAPOSTLE,ACTSOFTHEAPOSTLES
el-x-koine	Πρὸς Ῥωμαίους	Romans	ROM	45	612	16	Ro	Rom	Rom	Rom	45	Rom	46	045	45N	45	66	Ro	Rom	Rom	ROM	RO	RMNS			NT	Paul's Letters	RM,RMN,RMNS,RO,ROM,ROMA,ROMAN,ROMANS
el-x-koine	Πρὸς Κορινθίους α	1 Corinthians	CO1	46	614	16	1Co	1 Cor	1Cor	1Cor	46	1Co	47	046	46N	46	67	1Co	1Co	1Co	1CO	1CO				NT	Paul's Letters	1 CO,1 COR,1 CORI,1 CORIN,1 CORINT,1 CORINTH,1 CORINTHI,1 CORINTHIA,1 CORINTHIAN,1 CORINTHIANS,1CO,1COR,1CORI,1CORIN,1CORINT,1CORINTH,1CORINTHI,1CORINTHIA,1CORINTHIAN,1CORINTHIANS,CO1
el-x-koine	Πρὸς Κορινθίους β	2 Corinthians	CO2	47	616	13	2Co	2 Cor	2Cor	2Cor	47	2Co	48	047	47N	47	68	2Co	2Co	2Co	2CO	2CO				NT	Paul's Letters	2 CO,2 COR,2 CORI,2 CORIN,2 CORINT,2 CORINTH,2 CORINTHI,2 CORINTHIA,2 CORINTHIAN,2 CORINTHIANS,2CO,2COR,2CORI,2CORIN,2CORINT,2CORINTH,2CORINTHI,2CORINTHIA,2CORINTHIAN,2CORINTHIANS,CO2
el-x-koine	Πρὸς Γαλάτας	Galatians	GAL	48	618	6	Ga	Gal	Gal	Gal	48	Gal	49	048	48N	48	69	Ga	Gal	Gal	GAL	GA	GL,GLT			NT	Paul's Letters	GA,GAL,GALA,GALAT,GALATI,GALATIA,GALATIAN,GALATIANS,GL,GLT
el-x-koine	Πρὸς Ἐφεσίους	Ephesians	EPH	49	620	6	Eph	Eph	Eph	Eph	49	Eph	50	049	49N	49	70	Eph	Eph	Eph	EPH	EPH	EPHS			NT	Paul's Letters	EPH,EPHE,EPHES,EPHESI,EPHESIA,EPHESIAN,EPHESIANS,EPHS
el-x-koine	Πρὸς Φιλιππησίους	Philippians	PHP	50	622	4	Php	Phil	Phil	Phil	50	Php	51	050	50N	50	71	Php	Phi	Phl	PHI	PHP	PPS			NT	Paul's Letters	PHI,PHIL,PHILI,PHILIP,PHILIPP,PHILIPPI,PHILIPPIA,PHILIPPIAN,PHILIPPIANS,PHL,PHP,PP,PPS
el-x-koine	Πρὸς Κολοσσαεῖς	Colossians	COL	51	624	4	Col	Col	Col	Col	51	Col	52	051	51N	51	72	Col	Col	Col	COL	COL	CLS			NT	Paul's Letters	CLS,COL,COLO,COLOS,COLOSS,COLOSSI,COLOSSIA,COLOSSIAN,COLOSSIANS
el-x-koine	Πρὸς Θεσσαλονικεῖς α	1 Thessalonians	TH1	52	626	5	1Th	1 Thess	1Thess	1Thess	52	1Th	53	052	52N	52	73	1Th	1Th	1Ts	1TH	1TH	1 THSS			NT	Paul's Letters	1 TH,1 THE,1 THES,1 THESS,1 THESSA,1 THESSAL,1 THESSALO,1 THESSALON,1 THESSALONI,1 THESSALONIA,1 THESSALONIAN,1 THESSALONIANS,1 THS,1 THSS,1TH,1THE,1THES,1THESS,1THESSA,1THESSAL,1THESSALO,1THESSALON,1THESSALONI,1THESSALONIA,1THESSALONIAN,1THESSALONIANS,1THS,1THSS,1TS,TH1
el-x-koine	Πρὸς Θεσσαλονικεῖς β	2 Thessalonians	TH2	53	628	3	2Th	2 Thess	2Thess	2Thess	53	2Th	54	053	53N	53	74	2Th	2Th	2Ts	2TH	2TH	2 THSS			NT	Paul's Letters	2 TH,2 THE,2 THES,2 THESS,2 THESSA,2 THESSAL,2 THESSALO,2 THESSALON,2 THESSALONI,2 THESSALONIA,2 THESSALONIAN,2 THESSALONIANS,2 THS,2 THSS,2TH,2THE,2THES,2THESS,2THESSA,2THESSAL,2THESSALO,2THESSALON,2THESSALONI,2THESSALONIA,2THESSALONIAN,2THESSALONIANS,2THS,2THSS,2TS,TH2
el-x-koine	Πρὸς Τιμόθεον α	1 Timothy	TI1	54	630	6	1Ti	1 Tim	1Tim	1Tim	54	1Ti	55	054	54N	54	75	1Ti	1Ti	1Tm	1TI	1TI	1 TMT			NT	Paul's Letters	1 TI,1 TIM,1 TIMO,1 TIMOT,1 TIMOTH,1 TIMOTHY,1 TM,1 TMT,1TI,1TIM,1TIMO,1TIMOT,1TIMOTH,1TIMOTHY,1TM,1TMT,TI1
el-x-koine	Πρὸς Τιμόθεον β	2 Timothy	TI2	55	632	4	2Ti	2 Tim	2Tim	2Tim	55	2Ti	56	055	55N	55	76	2Ti	2Ti	2Tm	2TI	2TI	2 TMT			NT	Paul's Letters	2 TI,2 TIM,2 TIMO,2 TIMOT,2 TIMOTH,2 TIMOTHY,2 TM,2 TMT,2TI,2TIM,2TIMO,2TIMOT,2TIMOTH,2TIMOTHY,2TM,2TMT,TI2
el-x-koine	Πρὸς Τίτον	Titus	TIT	56	634	3	Tit	Titus	Titus	Titus	56	Tit	57	056	56N	56	77	Tt	Tit	Tit	TIT	TIT	TTS			NT	Paul's Letters	TIT,TITU,TITUS,TT,TTS
el-x-koine	Πρὸς Φιλήμονα	Philemon	PHM	57	636	1	Phm	Phlm	Phlm	Phlm	57	Phm	58	057	57N	57	78	Phm	Phm	Phm	PHM	PHM	PHLMN			NT	Paul's Letters	PHILE,PHILEM,PHILEMO,PHILEMON,PHLM,PHLMN,PHM
el-x-koine	Πρὸς Ἑβραίους	Hebrews	HEB	58	638	13	Heb	Heb	Heb	Heb	58	Heb	59	058	58N	58	79	Heb	Heb	Heb	HEB	HEB	HBRWS			NT	General Letters	HBR,HBRW,HBRWS,HE,HEB,HEBR,HEBRE,HEBREW,HEBREWS
el-x-koine	Ἰακώβου	James / Jacob	JAM	59	640	5	Jas	Jas	Jas	Jas	59	Jas	60	059	59N	59	80	Jas	Jam	Jam	JAM	JAS	JMS			NT	General Letters	JA,JAC,JACO,JACOB,JAM,JAME,JAMES,JAS,JM,JMS
el-x-koine	Πέτρου α	1 Peter	PE1	60	642	5	1Pe	1 Pet	1Pet	1Pet	60	1Pe	61	060	60N	60	81	1Pe	1Pe	1Pe	1PE	1PE	1 PTR			NT	General Letters	1 PE,1 PET,1 PETE,1 PETER,1 PT,1 PTR,1PE,1PET,1PETE,1PETER,1PT,1PTR,PE1
el-x-koine	Πέτρου β	2 Peter	PE2	61	644	3	2Pe	2 Pet	2Pet	2Pet	61	2Pe	62	061	61N	61	82	2Pe	2Pe	2Pe	2PE	2PE	2 PTR			NT	General Letters	2 PE,2 PET,2 PETE,2 PETER,2 PT,2 PTR,2PE,2PET,2PETE,2PETER,2PT,2PTR,PE2
el-x-koine	Ἰωάννου α	1 John	JN1	62	646	5	1Jn	1 John	1John	1John	62	1Jn	63	062	62N	62	83	1Jn	1Jo	1Jn	1JO	1JO	1 JHN			NT	General Letters	1 J,1 JH,1 JHN,1 JO,1 JOH,1 JOHN,1J,1JH,1JHN,1JN,1JO,1JOH,1JOHN,JN1
el-x-koine	Ἰωάννου β	2 John	JN2	63	648	1	2Jn	2 John	2John	2John	63	2Jn	64	063	63N	63	84	2Jn	2Jo	2Jn	2JO	2JO	2 JHN			NT	General Letters	2 J,2 JH,2 JHN,2 JO,2 JOH,2 JOHN,2J,2JH,2JHN,2JN,2JO,2JOH,2JOHN,JN2
el-x-koine	Ἰωάννου γ	3 John	JN3	64	650	1	3Jn	3 John	3John	3John	64	3Jn	65	064	64N	64	85	3Jn	3Jo	3Jn	3JO	3JO	3 JHN			NT	General Letters	3 J,3 JH,3 JHN,3 JO,3 JOH,3 JOHN,3J,3JH,3JHN,3JN,3JO,3JOH,3JOHN,JN3
el-x-koine	Ἰούδας	Jude / Judas	JDE	65	652	1	Jud	Jude	Jude	Jude	65	Jud	66	065	65N	65	86	Jud	Jud	Jud	JUD	JUDE	JD			NT	General Letters	JD,JDE,JUD,JUDA,JUDAS,JUDE
el-x-koine	Ἀποκάλυψις Ἰωάννου	Revelation / Revelation of John / Apocalypse of St. John	REV	66	654	22	Re	Rev	Rev	Rev	66	Rev	67	066	66N	66	87	Re	Rev	Rev	REV	RE	RVL			NT	Revelation	APOCALYPSE OF S,APOCALYPSE OF ST,APOCALYPSE OF ST.,APOCALYPSE OF ST. J,APOCALYPSE OF ST. JO,APOCALYPSE OF ST. JOH,APOCALYPSE OF ST. JOHN,APOCALYPSEOFS,APOCALYPSEOFST,APOCALYPSEOFST.,APOCALYPSEOFST.J,APOCALYPSEOFST.JO,APOCALYPSEOFST.JOH,APOCALYPSEOFST.JOHN,RE,REV,REVELATION,REVELATION OF J,REVELATION OF JO,REVELATION OF JOH,REVELATION OF JOHN,REVELATIONOFJ,REVELATIONOFJO,REVELATIONOFJOH,REVELATIONOFJOHN,RVL
el-x-koine	(Unknown)	Greek Esther / Esther (Greek)	ESG	70	204	10		Add Esth	EsthGr	EsthGr	95	EsG	70	069	69A	72	42	GkEs					ADD ESTHER	EST,ESA,ESC		OT	Historical	ADD E,ADD ES,ADD EST,ADD ESTH,ADD ESTHE,ADD ESTHER,ADDE,ADDES,ADDEST,ADDESTH,ADDESTHE,ADDESTHER,ESG,ESTHER (GREEK),ESTHER G,ESTHER GR,ESTHER GRE,ESTHER GREE,ESTHER GREEK,ESTHERG,ESTHERGR,ESTHERGRE,ESTHERGREE,ESTHERGREEK,ESTHG,ESTHGR,GK,GKE,GKES,GREEK EST,GREEK ESTH,GREEK ESTHE,GREEK ESTHER,GREEKEST,GREEKESTH,GREEKESTHE,GREEKESTHER
el-x-koine	(Unknown)	Greek additions to Esther / Esther (additions)	ESA	71	84	10		Add Esth	AddEsth	AddEsth	95	ADE	70								ESG			EST,ESG,ESC		OT	Historical	ADE,ESA,ESTHER (ADDITIONS),ESTHER A,ESTHER AD,ESTHER ADD,ESTHER ADDI,ESTHER ADDIT,ESTHER ADDITI,ESTHER ADDITIO,ESTHER ADDITION,ESTHER ADDITIONS,ESTHERA,ESTHERAD,ESTHERADD,ESTHERADDI,ESTHERADDIT,ESTHERADDITI,ESTHERADDITIO,ESTHERADDITION,ESTHERADDITIONS,GREEK ADDITIONS TO E,GREEK ADDITIONS TO ES,GREEK ADDITIONS TO EST,GREEK ADDITIONS TO ESTH,GREEK ADDITIONS TO ESTHE,GREEK ADDITIONS TO ESTHER,GREEKADDITIONSTOE,GREEKADDITIONSTOES,GREEKADDITIONSTOEST,GREEKADDITIONSTOESTH,GREEKADDITIONSTOESTHE,GREEKADDITIONSTOESTHER
hbo,el-x-koine	אֶסְתֵר	Combined Hebrew/Greek Esther / Esther (combined)	ESC	72	86	10		Add Esth	AddEsth	AddEsth	95	EsG	70											EST,ESG,ESA		OT	Historical	COMBINED HEBREW/GREEK E,COMBINED HEBREW/GREEK ES,COMBINED HEBREW/GREEK EST,COMBINED HEBREW/GREEK ESTH,COMBINED HEBREW/GREEK ESTHE,COMBINED HEBREW/GREEK ESTHER,COMBINEDHEBREW/GREEKE,COMBINEDHEBREW/GREEKES,COMBINEDHEBREW/GREEKEST,COMBINEDHEBREW/GREEKESTH,COMBINEDHEBREW/GREEKESTHE,COMBINEDHEBREW/GREEKESTHER,ESC,ESTHER (COMBINED),ESTHER C,ESTHER CO,ESTHER COM,ESTHER COMB,ESTHER COMBI,ESTHER COMBIN,ESTHER COMBINE,ESTHER COMBINED,ESTHERC,ESTHERCO,ESTHERCOM,ESTHERCOMB,ESTHERCOMBI,ESTHERCOMBIN,ESTHERCOMBINE,ESTHERCOMBINED
el-x-koine	(Unknown)	Greek Daniel / Daniel (Greek)	DNG	73	142	14		Add Dan	AddDan	DanGr		DaG	B2	112		88	98				DNG			DAN,DNA,DNC,DNT		OT	Major Prophets	DANG,DANGR,DANIEL (GREEK),DANIEL G,DANIEL GR,DANIEL GRE,DANIEL GREE,DANIEL GREEK,DANIELG,DANIELGR,DANIELGRE,DANIELGREE,DANIELGREEK,DNG,GREEK D,GREEK DA,GREEK DAN,GREEK DANI,GREEK DANIE,GREEK DANIEL,GREEKD,GREEKDA,GREEKDAN,GREEKDANI,GREEKDANIE,GREEKDANIEL
el-x-koine	(Unknown)	Greek additions to Daniel / Daniel (additions)	DNA	74	144	14		Add Dan	AddDan	AddDan		DaG	B2											DAN,DNG,DNC,DNT		OT	Major Prophets	DANIEL (ADDITIONS),DANIEL A,DANIEL AD,DANIEL ADD,DANIEL ADDI,DANIEL ADDIT,DANIEL ADDITI,DANIEL ADDITIO,DANIEL ADDITION,DANIEL ADDITIONS,DANIELA,DANIELAD,DANIELADD,DANIELADDI,DANIELADDIT,DANIELADDITI,DANIELADDITIO,DANIELADDITION,DANIELADDITIONS,DNA,GREEK ADDITIONS TO D,GREEK ADDITIONS TO DA,GREEK ADDITIONS TO DAN,GREEK ADDITIONS TO DANI,GREEK ADDITIONS TO DANIE,GREEK ADDITIONS TO DANIEL,GREEKADDITIONSTOD,GREEKADDITIONSTODA,GREEKADDITIONSTODAN,GREEKADDITIONSTODANI,GREEKADDITIONSTODANIE,GREEKADDITIONSTODANIEL
hbo,el-x-koine	דָּנִיֵּאל	Combined Hebrew/Greek Daniel / Daniel (combined)	DNC	75	146	14		Add Dan	AddDan	AddDan		DaG	B2											DAN,DNG,DNA,DNT		OT	Major Prophets	COMBINED HEBREW/GREEK D,COMBINED HEBREW/GREEK DA,COMBINED HEBREW/GREEK DAN,COMBINED HEBREW/GREEK DANI,COMBINED HEBREW/GREEK DANIE,COMBINED HEBREW/GREEK DANIEL,COMBINEDHEBREW/GREEKD,COMBINEDHEBREW/GREEKDA,COMBINEDHEBREW/GREEKDAN,COMBINEDHEBREW/GREEKDANI,COMBINEDHEBREW/GREEKDANIE,COMBINEDHEBREW/GREEKDANIEL,DANIEL (COMBINED),DANIEL C,DANIEL CO,DANIEL COM,DANIEL COMB,DANIEL COMBI,DANIEL COMBIN,DANIEL COMBINE,DANIEL COMBINED,DANIELC,DANIELCO,DANIELCOM,DANIELCOMB,DANIELCOMBI,DANIELCOMBIN,DANIELCOMBINE,DANIELCOMBINED,DNC
el-x-koine	(Unknown)	Bel and the dragon	BEL	80	262	1	Bel	Bel	Bel	Bel	78	Bel	77	076	76A	79	49	Bel			BEL			BLT		DC		BEL,BEL AND THE DRAGON,BELANDTHEDRAGON
(Unknown)	(Unknown)	Susanna	SUS	81	260	1	Sus	Sus	Sus	Sus	77	Sus	76	075	75A	78	48	Sus			SUS			SST		DC		SUS,SUSANNA
(Unknown)	(Unknown)	Judith	JDT	82	202	16	Jdt	Jdt	Jdt	Jdt	70	Jdt	69	068	68A	71	41	Jdt			JDT					DC		JDT,JUDI,JUDIT,JUDITH
(Unknown)	(Unknown)	Prayer of Manasses / Prayer of Manasseh	MAN	83	294	1		Pr Man	PrMan	PrMan	82	Man	84	083	83A	83	53	PrMan			PRM					DC		MAN,PR M,PR MA,PR MAN,PRAYER OF M,PRAYER OF MA,PRAYER OF MAN,PRAYER OF MANA,PRAYER OF MANAS,PRAYER OF MANASS,PRAYER OF MANASSE,PRAYER OF MANASSEH,PRAYER OF MANASSES,PRAYEROFM,PRAYEROFMA,PRAYEROFMAN,PRAYEROFMANA,PRAYEROFMANAS,PRAYEROFMANASS,PRAYEROFMANASSE,PRAYEROFMANASSEH,PRAYEROFMANASSES,PRM,PRMA,PRMAN
(Unknown)	(Unknown)	Sirach / Ecclesiasticus / Wisdom of Ben Sira / Wisdom of Jesus son of Sirach	SIR	84	208	51,52	Sir	Sir	Sir	Sir	94	Sir	72	071	71A	74	44	Sir			SIR		ECCLU,ECCLUS,ECCLSTU,ECCLSTC,ECCLSTCU,ECCLSTCS,ECCLSTCUS			DC		ECCLESIASTI,ECCLESIASTIC,ECCLESIASTICU,ECCLESIASTICUS,ECCLSTC,ECCLSTCS,ECCLSTCU,ECCLSTCUS,ECCLSTU,ECCLU,ECCLUS,SIR,SIRACH,WISDOM OF B,WISDOM OF BE,WISDOM OF BEN,WISDOM OF BEN S,WISDOM OF BEN SI,WISDOM OF BEN SIR,WISDOM OF BEN SIRA,WISDOM OF JESUS S,WISDOM OF JESUS SO,WISDOM OF JESUS SON,WISDOM OF JESUS SON O,WISDOM OF JESUS SON OF,WISDOM OF JESUS SON OF S,WISDOM OF JESUS SON OF SI,WISDOM OF JESUS SON OF SIR,WISDOM OF JESUS SON OF SIRA,WISDOM OF JESUS SON OF SIRAC,WISDOM OF JESUS SON OF SIRACH,WISDOMOFB,WISDOMOFBE,WISDOMOFBEN,WISDOMOFBENS,WISDOMOFBENSI,WISDOMOFBENSIR,WISDOMOFBENSIRA,WISDOMOFJESUSS,WISDOMOFJESUSSO,WISDOMOFJESUSSON,WISDOMOFJESUSSONO,WISDOMOFJESUSSONOF,WISDOMOFJESUSSONOFS,WISDOMOFJESUSSONOFSI,WISDOMOFJESUSSONOFSIR,WISDOMOFJESUSSONOFSIRA,WISDOMOFJESUSSONOFSIRAC,WISDOMOFJESUSSONOFSIRACH
(Unknown)	(Unknown)	Sirach Prologue	SIP	85	207				SirP	SirP											SIP					DC		SIP,SIRACH P,SIRACH PR,SIRACH PRO,SIRACH PROL,SIRACH PROLO,SIRACH PROLOG,SIRACH PROLOGU,SIRACH PROLOGUE,SIRACHP,SIRACHPR,SIRACHPRO,SIRACHPROL,SIRACHPROLO,SIRACHPROLOG,SIRACHPROLOGU,SIRACHPROLOGUE,SIRP
(Unknown)	(Unknown)	Tobit / Tobias	TOB	86	200	14	Tob	Tob	Tob	Tob	69	Tob	68	067	67A	70	40	Tob			TOB		TBT,TOBI	TBS		DC		TBT,TOB,TOBI,TOBIA,TOBIAS,TOBIT
(Unknown)	(Unknown)	Wisdom / Wisdom of Solomon	WIS	87	206	19	Wis	Wis	Wis	Wis	72	Wis	71	070	70A	73	43	Wis			WIS		WISD,WISDO,WISDM			DC		WIS,WISD,WISDM,WISDO,WISDOM,WISDOM OF S,WISDOM OF SO,WISDOM OF SOL,WISDOM OF SOLO,WISDOM OF SOLOM,WISDOM OF SOLOMO,WISDOM OF SOLOMON,WISDOMOFS,WISDOMOFSO,WISDOMOFSOL,WISDOMOFSOLO,WISDOMOFSOLOM,WISDOMOFSOLOMO,WISDOMOFSOLOMON
(Unknown)	(Unknown)	Prayer of Azariah and the Song of the Three Young Men / Prayer of Azariah / Song of the Three Young Men / Song of the Three Children	PAZ	88	250	1	Az	Pr Azar	PrAzar	PrAzar	76	S3Y	75	074	74A	77	47	SongThr			PRA		PRAZ			DC		AZ,PAZ,PR A,PR AZ,PR AZA,PR AZAR,PRA,PRAYER OF A,PRAYER OF AZ,PRAYER OF AZA,PRAYER OF AZAR,PRAYER OF AZARI,PRAYER OF AZARIA,PRAYER OF AZARIAH,PRAYER OF AZARIAH A,PRAYER OF AZARIAH AN,PRAYER OF AZARIAH AND,PRAYER OF AZARIAH AND T,PRAYER OF AZARIAH AND TH,PRAYER OF AZARIAH AND THE,PRAYER OF AZARIAH AND THE S,PRAYER OF AZARIAH AND THE SO,PRAYER OF AZARIAH AND THE SON,PRAYER OF AZARIAH AND THE SONG,PRAYER OF AZARIAH AND THE SONG O,PRAYER OF AZARIAH AND THE SONG OF,PRAYER OF AZARIAH AND THE SONG OF T,PRAYER OF AZARIAH AND THE SONG OF TH,PRAYER OF AZARIAH AND THE SONG OF THE,PRAYER OF AZARIAH AND THE SONG OF THE T,PRAYER OF AZARIAH AND THE SONG OF THE TH,PRAYER OF AZARIAH AND THE SONG OF THE THR,PRAYER OF AZARIAH AND THE SONG OF THE THRE,PRAYER OF AZARIAH AND THE SONG OF THE THREE,PRAYER OF AZARIAH AND THE SONG OF THE THREE Y,PRAYER OF AZARIAH AND THE SONG OF THE THREE YO,PRAYER OF AZARIAH AND THE SONG OF THE THREE YOU,PRAYER OF AZARIAH AND THE SONG OF THE THREE YOUN,PRAYER OF AZARIAH AND THE SONG OF THE THREE YOUNG,PRAYER OF AZARIAH AND THE SONG OF THE THREE YOUNG M,PRAYER OF AZARIAH AND THE SONG OF THE THREE YOUNG ME,PRAYER OF AZARIAH AND THE SONG OF THE THREE YOUNG MEN,PRAYEROFA,PRAYEROFAZ,PRAYEROFAZA,PRAYEROFAZAR,PRAYEROFAZARI,PRAYEROFAZARIA,PRAYEROFAZARIAH,PRAYEROFAZARIAHA,PRAYEROFAZARIAHAN,PRAYEROFAZARIAHAND,PRAYEROFAZARIAHANDT,PRAYEROFAZARIAHANDTH,PRAYEROFAZARIAHANDTHE,PRAYEROFAZARIAHANDTHES,PRAYEROFAZARIAHANDTHESO,PRAYEROFAZARIAHANDTHESON,PRAYEROFAZARIAHANDTHESONG,PRAYEROFAZARIAHANDTHESONGO,PRAYEROFAZARIAHANDTHESONGOF,PRAYEROFAZARIAHANDTHESONGOFT,PRAYEROFAZARIAHANDTHESONGOFTH,PRAYEROFAZARIAHANDTHESONGOFTHE,PRAYEROFAZARIAHANDTHESONGOFTHET,PRAYEROFAZARIAHANDTHESONGOFTHETH,PRAYEROFAZARIAHANDTHESONGOFTHETHR,PRAYEROFAZARIAHANDTHESONGOFTHETHRE,PRAYEROFAZARIAHANDTHESONGOFTHETHREE,PRAYEROFAZARIAHANDTHESONGOFTHETHREEY,PRAYEROFAZARIAHANDTHESONGOFTHETHREEYO,PRAYEROFAZARIAHANDTHESONGOFTHETHREEYOU,PRAYEROFAZARIAHANDTHESONGOFTHETHREEYOUN,PRAYEROFAZARIAHANDTHESONGOFTHETHREEYOUNG,PRAYEROFAZARIAHANDTHESONGOFTHETHREEYOUNGM,PRAYEROFAZARIAHANDTHESONGOFTHETHREEYOUNGME,PRAYEROFAZARIAHANDTHESONGOFTHETHREEYOUNGMEN,PRAZ,PRAZA,PRAZAR,S3,S3Y,SONG OF T,SONG OF TH,SONG OF THE,SONG OF THE T,SONG OF THE TH,SONG OF THE THR,SONG OF THE THRE,SONG OF THE THREE,SONG OF THE THREE C,SONG OF THE THREE CH,SONG OF THE THREE CHI,SONG OF THE THREE CHIL,SONG OF THE THREE CHILD,SONG OF THE THREE CHILDR,SONG OF THE THREE CHILDRE,SONG OF THE THREE CHILDREN,SONG OF THE THREE Y,SONG OF THE THREE YO,SONG OF THE THREE YOU,SONG OF THE THREE YOUN,SONG OF THE THREE YOUNG,SONG OF THE THREE YOUNG M,SONG OF THE THREE YOUNG ME,SONG OF THE THREE YOUNG MEN,SONGOFT,SONGOFTH,SONGOFTHE,SONGOFTHET,SONGOFTHETH,SONGOFTHETHR,SONGOFTHETHRE,SONGOFTHETHREE,SONGOFTHETHREEC,SONGOFTHETHREECH,SONGOFTHETHREECHI,SONGOFTHETHREECHIL,SONGOFTHETHREECHILD,SONGOFTHETHREECHILDR,SONGOFTHETHREECHILDRE,SONGOFTHETHREECHILDREN,SONGOFTHETHREEY,SONGOFTHETHREEYO,SONGOFTHETHREEYOU,SONGOFTHETHREEYOUN,SONGOFTHETHREEYOUNG,SONGOFTHETHREEYOUNGM,SONGOFTHETHREEYOUNGME,SONGOFTHETHREEYOUNGMEN,SONGT,SONGTH,SONGTHR
el-x-koine	(Unknown)	Greek Esdras / Greek Ezra / 1 Esdras / 1 Ezra / 2 Ezra / 3 Ezra / 3 Esdras	GES	90	282	9		1 Esd	1Esd	1Esd	81	1Es	82	081	81A	82	52	1Esd			1ES			LES		???		1 ES,1 ESD,1ES,1ESD,3 E,3 EZ,3 EZR,3 EZRA,3EZ,3EZR,3EZRA,GES,GREEK ESD,GREEK ESDR,GREEK ESDRA,GREEK ESDRAS,GREEK EZ,GREEK EZR,GREEK EZRA,GREEKESD,GREEKESDR,GREEKESDRA,GREEKESDRAS,GREEKEZ,GREEKEZR,GREEKEZRA
lat	(Unknown)	Latin Esdras / 2 Esdras / 3 Esdras / 4 Esdras / 4 Ezra	LES	91	284	16		2 Esd	2Esd	2Esd	83	2Es	83	082	82A	86	56	2Esd			4ES		4ESDR,3ESDR,2ESDR	GES		???		2 ES,2 ESD,2ES,2ESD,2ESDR,4E,4ES,4ESD,4ESDR,LATIN E,LATIN ES,LATIN ESD,LATIN ESDR,LATIN ESDRA,LATIN ESDRAS,LATINE,LATINES,LATINESD,LATINESDR,LATINESDRA,LATINESDRAS,LES
(Unknown)	(Unknown)	Apocalypse of Ezra / Ezra Apocalypse / 4 Ezra / Ezra Shealtiel	EZA	92	286	12,13		4 Ezra		4Ezra		EzA	A4	104			100									???		APOCALYPSE OF E,APOCALYPSE OF EZ,APOCALYPSE OF EZR,APOCALYPSE OF EZRA,APOCALYPSEOFE,APOCALYPSEOFEZ,APOCALYPSEOFEZR,APOCALYPSEOFEZRA,EZA,EZRA A,EZRA AP,EZRA APO,EZRA APOC,EZRA APOCA,EZRA APOCAL,EZRA APOCALY,EZRA APOCALYP,EZRA APOCALYPS,EZRA APOCALYPSE,EZRA S,EZRA SH,EZRA SHE,EZRA SHEA,EZRA SHEAL,EZRA SHEALT,EZRA SHEALTI,EZRA SHEALTIE,EZRA SHEALTIEL,EZRAA,EZRAAP,EZRAAPO,EZRAAPOC,EZRAAPOCA,EZRAAPOCAL,EZRAAPOCALY,EZRAAPOCALYP,EZRAAPOCALYPS,EZRAAPOCALYPSE,EZRAS,EZRASH,EZRASHE,EZRASHEA,EZRASHEAL,EZRASHEALT,EZRASHEALTI,EZRASHEALTIE,EZRASHEALTIEL
lat	(Unknown)	5 Ezra / 3 Esdras / 5 Esdras	EZ5	93	288	2		5 Ezra		5Ezra		5Ez	A5				200						5ESDR,3ESDR			???		3ES,3ESD,3ESDR,5 E,5 EZ,5 EZR,5 EZRA,5E,5ES,5ESD,5ESDR,5EZ,5EZR,5EZRA,EZ5
lat	(Unknown)	6 Ezra / 5 Esdras / 6 Esdras	EZ6	94	290	2		6 Ezra		6Ezra		6Ez	A6				201									???		6,6 E,6 ES,6 ESD,6 ESDR,6 ESDRA,6 ESDRAS,6 EZ,6 EZR,6 EZRA,6E,6ES,6ESD,6ESDR,6ESDRA,6ESDRAS,6EZ,6EZR,6EZRA,EZ6
(Unknown)	(Unknown)	Revelation of Ezra	RVE	95	292				RevEzra	RevEzra																PS		REVELATION OF E,REVELATION OF EZ,REVELATION OF EZR,REVELATION OF EZRA,REVELATIONOFE,REVELATIONOFEZ,REVELATIONOFEZR,REVELATIONOFEZRA,REVEZ,REVEZR,REVEZRA,RVE
(Unknown)	(Unknown)	Vison of Ezra	VSE	96	293				VisEzra	VisEzra																PS		VISE,VISEZ,VISEZR,VISEZRA,VISO,VISON,VISON O,VISON OF,VISON OF E,VISON OF EZ,VISON OF EZR,VISON OF EZRA,VISONO,VISONOF,VISONOFE,VISONOFEZ,VISONOFEZR,VISONOFEZRA,VS,VSE
(Unknown)	(Unknown)	Letter of Jeremiah / Epistle of Jeremiah	LJE	100	240	1	LJe	Ep Jer	EpJer	EpJer	75	LJe	74	073	73A	76	46	LetJer			EPJ			LJB		DC		EP JER,EPISTLE OF JEREMIAH,EPISTLEOFJEREMIAH,EPJ,EPJER,LETJ,LETJE,LETJER,LETTER OF JEREMIAH,LETTEROFJEREMIAH,LJE
(Unknown)	(Unknown)	Baruch / 1 Baruch	BAR	101	220	5	Bar	Bar	Bar	Bar	74	Bar	73	072	72A	75	45	Bar			BAR			LJB		DC		1 B,1 BA,1 BAR,1 BARU,1 BARUC,1 BARUCH,1B,1BA,1BAR,1BARU,1BARUC,1BARUCH,BAR,BARU,BARUC,BARUCH
(Unknown)	(Unknown)	Letter of Jeremiah with Baruch / Epistle of Jeremiah with Baruch	LJB	102	222	6		Ep Jer	EpJer	EpJer		LJe	74											BAR		DC		EPISTLE OF JEREMIAH W,EPISTLE OF JEREMIAH WI,EPISTLE OF JEREMIAH WIT,EPISTLE OF JEREMIAH WITH,EPISTLE OF JEREMIAH WITH B,EPISTLE OF JEREMIAH WITH BA,EPISTLE OF JEREMIAH WITH BAR,EPISTLE OF JEREMIAH WITH BARU,EPISTLE OF JEREMIAH WITH BARUC,EPISTLE OF JEREMIAH WITH BARUCH,EPISTLEOFJEREMIAHW,EPISTLEOFJEREMIAHWI,EPISTLEOFJEREMIAHWIT,EPISTLEOFJEREMIAHWITH,EPISTLEOFJEREMIAHWITHB,EPISTLEOFJEREMIAHWITHBA,EPISTLEOFJEREMIAHWITHBAR,EPISTLEOFJEREMIAHWITHBARU,EPISTLEOFJEREMIAHWITHBARUC,EPISTLEOFJEREMIAHWITHBARUCH,LETTER OF JEREMIAH W,LETTER OF JEREMIAH WI,LETTER OF JEREMIAH WIT,LETTER OF JEREMIAH WITH,LETTER OF JEREMIAH WITH B,LETTER OF JEREMIAH WITH BA,LETTER OF JEREMIAH WITH BAR,LETTER OF JEREMIAH WITH BARU,LETTER OF JEREMIAH WITH BARUC,LETTER OF JEREMIAH WITH BARUCH,LETTEROFJEREMIAHW,LETTEROFJEREMIAHWI,LETTEROFJEREMIAHWIT,LETTEROFJEREMIAHWITH,LETTEROFJEREMIAHWITHB,LETTEROFJEREMIAHWITHBA,LETTEROFJEREMIAHWITHBAR,LETTEROFJEREMIAHWITHBARU,LETTEROFJEREMIAHWITHBARUC,LETTEROFJEREMIAHWITHBARUCH,LJB
(Unknown)	(Unknown)	2 Baruch / Apocalypse of Baruch	BA2	103	228	77				2Bar		2Ba	B4	114			96							LB2		DC		2BA,2BAR,2BARUCH,APOCALYPSE OF B,APOCALYPSE OF BA,APOCALYPSE OF BAR,APOCALYPSE OF BARU,APOCALYPSE OF BARUC,APOCALYPSE OF BARUCH,APOCALYPSEOFB,APOCALYPSEOFBA,APOCALYPSEOFBAR,APOCALYPSEOFBARU,APOCALYPSEOFBARUC,APOCALYPSEOFBARUCH,BA2
(Unknown)	(Unknown)	Letter of Baruch / Epistle of Baruch	LBA	104	224	9				EpBar		LBa	B5	115			97							LB2		DC		EPB,EPBA,EPBAR,EPISTLE OF BARU,EPISTLE OF BARUC,EPISTLE OF BARUCH,EPISTLEOFBARU,EPISTLEOFBARUC,EPISTLEOFBARUCH,LBA,LETTER OF BARU,LETTER OF BARUC,LETTER OF BARUCH,LETTEROFBARU,LETTEROFBARUC,LETTEROFBARUCH
(Unknown)	(Unknown)	2 Baruch with the Letter of Baruch	LB2	105	226	86						2Ba	B4				99							BA2,LBA		???		2 B,2 BA,2 BAR,2 BARU,2 BARUC,2 BARUCH W,2 BARUCH WI,2 BARUCH WIT,2 BARUCH WITH,2 BARUCH WITH T,2 BARUCH WITH TH,2 BARUCH WITH THE,2 BARUCH WITH THE L,2 BARUCH WITH THE LE,2 BARUCH WITH THE LET,2 BARUCH WITH THE LETT,2 BARUCH WITH THE LETTE,2 BARUCH WITH THE LETTER,2 BARUCH WITH THE LETTER O,2 BARUCH WITH THE LETTER OF,2 BARUCH WITH THE LETTER OF B,2 BARUCH WITH THE LETTER OF BA,2 BARUCH WITH THE LETTER OF BAR,2 BARUCH WITH THE LETTER OF BARU,2 BARUCH WITH THE LETTER OF BARUC,2 BARUCH WITH THE LETTER OF BARUCH,2BARUCHW,2BARUCHWI,2BARUCHWIT,2BARUCHWITH,2BARUCHWITHT,2BARUCHWITHTH,2BARUCHWITHTHE,2BARUCHWITHTHEL,2BARUCHWITHTHELE,2BARUCHWITHTHELET,2BARUCHWITHTHELETT,2BARUCHWITHTHELETTE,2BARUCHWITHTHELETTER,2BARUCHWITHTHELETTERO,2BARUCHWITHTHELETTEROF,2BARUCHWITHTHELETTEROFB,2BARUCHWITHTHELETTEROFBA,2BARUCHWITHTHELETTEROFBAR,2BARUCHWITHTHELETTEROFBARU,2BARUCHWITHTHELETTEROFBARUC,2BARUCHWITHTHELETTEROFBARUCH,LB2
(Unknown)	(Unknown)	3 Baruch	BA3	106	230				3Bar	3Bar																???		3 B,3 BA,3 BAR,3 BARU,3 BARUC,3 BARUCH,3B,3BA,3BAR,3BARU,3BARUC,3BARUCH,BA3
(Unknown)	(Unknown)	4 Baruch / Paralipomenon of Jeremiah / Paraleipomena Ieremiou / Rest of the Words of Baruch	BA4	107	232	6,5				4Bar		4Ba	C2				208									???		4 B,4 BA,4 BAR,4 BARU,4 BARUC,4 BARUCH,4B,4BA,4BAR,4BARU,4BARUC,4BARUCH,BA4,PAR,PARA,PARAL,PARALE,PARALEI,PARALEIP,PARALEIPO,PARALEIPOM,PARALEIPOME,PARALEIPOMEN,PARALEIPOMENA,PARALEIPOMENA I,PARALEIPOMENA IE,PARALEIPOMENA IER,PARALEIPOMENA IERE,PARALEIPOMENA IEREM,PARALEIPOMENA IEREMI,PARALEIPOMENA IEREMIO,PARALEIPOMENA IEREMIOU,PARALEIPOMENAI,PARALEIPOMENAIE,PARALEIPOMENAIER,PARALEIPOMENAIERE,PARALEIPOMENAIEREM,PARALEIPOMENAIEREMI,PARALEIPOMENAIEREMIO,PARALEIPOMENAIEREMIOU,PARALI,PARALIP,PARALIPO,PARALIPOM,PARALIPOME,PARALIPOMEN,PARALIPOMENO,PARALIPOMENON,PARALIPOMENON O,PARALIPOMENON OF,PARALIPOMENON OF J,PARALIPOMENON OF JE,PARALIPOMENON OF JER,PARALIPOMENON OF JERE,PARALIPOMENON OF JEREM,PARALIPOMENON OF JEREMI,PARALIPOMENON OF JEREMIA,PARALIPOMENON OF JEREMIAH,PARALIPOMENONO,PARALIPOMENONOF,PARALIPOMENONOFJ,PARALIPOMENONOFJE,PARALIPOMENONOFJER,PARALIPOMENONOFJERE,PARALIPOMENONOFJEREM,PARALIPOMENONOFJEREMI,PARALIPOMENONOFJEREMIA,PARALIPOMENONOFJEREMIAH,REST OF T,REST OF TH,REST OF THE,REST OF THE W,REST OF THE WO,REST OF THE WOR,REST OF THE WORD,REST OF THE WORDS,REST OF THE WORDS O,REST OF THE WORDS OF,REST OF THE WORDS OF B,REST OF THE WORDS OF BA,REST OF THE WORDS OF BAR,REST OF THE WORDS OF BARU,REST OF THE WORDS OF BARUC,REST OF THE WORDS OF BARUCH,RESTOFT,RESTOFTH,RESTOFTHE,RESTOFTHEW,RESTOFTHEWO,RESTOFTHEWOR,RESTOFTHEWORD,RESTOFTHEWORDS,RESTOFTHEWORDSO,RESTOFTHEWORDSOF,RESTOFTHEWORDSOFB,RESTOFTHEWORDSOFBA,RESTOFTHEWORDSOFBAR,RESTOFTHEWORDSOFBARU,RESTOFTHEWORDSOFBARUC,RESTOFTHEWORDSOFBARUCH
(Unknown)	(Unknown)	Additions to Jeremiah / Rest of Jeremiah	JRA	108	233					AddJer																???		ADDITIONS TO J,ADDITIONS TO JE,ADDITIONS TO JER,ADDITIONS TO JERE,ADDITIONS TO JEREM,ADDITIONS TO JEREMI,ADDITIONS TO JEREMIA,ADDITIONS TO JEREMIAH,ADDITIONSTOJ,ADDITIONSTOJE,ADDITIONSTOJER,ADDITIONSTOJERE,ADDITIONSTOJEREM,ADDITIONSTOJEREMI,ADDITIONSTOJEREMIA,ADDITIONSTOJEREMIAH,ADDJ,ADDJE,ADDJER,JRA,REST OF J,REST OF JE,REST OF JER,REST OF JERE,REST OF JEREM,REST OF JEREMI,REST OF JEREMIA,REST OF JEREMIAH,RESTOFJ,RESTOFJE,RESTOFJER,RESTOFJERE,RESTOFJEREM,RESTOFJEREMI,RESTOFJEREMIA,RESTOFJEREMIAH
(Unknown)	(Unknown)	Pseudo-Josephus	PSJ	109	234					PsJos																???		PSEUDO-J,PSEUDO-JO,PSEUDO-JOS,PSEUDO-JOSE,PSEUDO-JOSEP,PSEUDO-JOSEPH,PSEUDO-JOSEPHU,PSEUDO-JOSEPHUS,PSJ,PSJO,PSJOS
(Unknown)	(Unknown)	Maccabees	MAC	110	270	31																				DC		MAC,MACC,MACCA,MACCAB,MACCABE,MACCABEE,MACCABEES
(Unknown)	(Unknown)	1 Maccabees	MA1	111	272	16	1Ma	1 Macc	1Macc	1Macc	79	1Ma	78	077	77A	80	50	1Mac			1MA		1 MCB			DC		1 MAC,1 MACC,1 MACCA,1 MACCAB,1 MACCABE,1 MACCABEE,1 MACCABEES,1 MC,1 MCB,1MA,1MAC,1MACC,1MACCA,1MACCAB,1MACCABE,1MACCABEE,1MACCABEES,1MC,1MCB,MA1
(Unknown)	(Unknown)	2 Maccabees	MA2	112	274	15	2Ma	2 Macc	2Macc	2Macc	80	2Ma	79	078	78A	81	51	2Mac			2MA		2 MCB			DC		2 MAC,2 MACC,2 MACCA,2 MACCAB,2 MACCABE,2 MACCABEE,2 MACCABEES,2 MC,2 MCB,2MA,2MAC,2MACC,2MACCA,2MACCAB,2MACCABE,2MACCABEE,2MACCABEES,2MC,2MCB,MA2
(Unknown)	(Unknown)	3 Maccabees	MA3	113	276	7	3Ma	3 Macc	3Macc	3Macc	84	3Ma	80	079	79A	85	55	3Mac			3MA		3 MCB			DC		3 MAC,3 MACC,3 MACCA,3 MACCAB,3 MACCABE,3 MACCABEE,3 MACCABEES,3 MC,3 MCB,3MA,3MAC,3MACC,3MACCA,3MACCAB,3MACCABE,3MACCABEE,3MACCABEES,3MC,3MCB,MA3
(Unknown)	(Unknown)	4 Maccabees	MA4	114	278	18	4Ma	4 Macc	4Macc	4Macc	85	4Ma	81	080	80A	87	57	4Mac			4MA		4 MCB			DC		4 MA,4 MAC,4 MACC,4 MACCA,4 MACCAB,4 MACCABE,4 MACCABEE,4 MACCABEES,4 MC,4 MCB,4MA,4MAC,4MACC,4MACCA,4MACCAB,4MACCABE,4MACCABEE,4MACCABEES,4MC,4MCB,MA4
(Unknown)	(Unknown)	5 Maccabees	MA5	115	280		5Ma		5Macc	5Macc													5 MCB			???		5 MA,5 MAC,5 MACC,5 MACCA,5 MACCAB,5 MACCABE,5 MACCABEE,5 MACCABEES,5 MC,5 MCB,5MA,5MAC,5MACC,5MACCA,5MACCAB,5MACCABE,5MACCABEE,5MACCABEES,5MC,5MCB,MA5
(Unknown)	(Unknown)	1 Meqabyan / 1 Makabian / Mekabis of Benjamin	MQ1	116	500	36				1Meq		1Mq	B8				204									???		1 MAK,1 MAKA,1 MAKAB,1 MAKABI,1 MAKABIA,1 MAKABIAN,1 ME,1 MEQ,1 MEQA,1 MEQAB,1 MEQABY,1 MEQABYA,1 MEQABYAN,1MAK,1MAKA,1MAKAB,1MAKABI,1MAKABIA,1MAKABIAN,1ME,1MEQ,1MEQA,1MEQAB,1MEQABY,1MEQABYA,1MEQABYAN,1MQ,MEKABIS OF B,MEKABIS OF BE,MEKABIS OF BEN,MEKABIS OF BENJ,MEKABIS OF BENJA,MEKABIS OF BENJAM,MEKABIS OF BENJAMI,MEKABIS OF BENJAMIN,MEKABISOFB,MEKABISOFBE,MEKABISOFBEN,MEKABISOFBENJ,MEKABISOFBENJA,MEKABISOFBENJAM,MEKABISOFBENJAMI,MEKABISOFBENJAMIN,MQ1
(Unknown)	(Unknown)	2 Meqabyan / 2 Makabian / Mekabis of Moab	MQ2	117	502	20,21				2Meq		2Mq	B9				205									???		2 MAK,2 MAKA,2 MAKAB,2 MAKABI,2 MAKABIA,2 MAKABIAN,2 ME,2 MEQ,2 MEQA,2 MEQAB,2 MEQABY,2 MEQABYA,2 MEQABYAN,2MAK,2MAKA,2MAKAB,2MAKABI,2MAKABIA,2MAKABIAN,2ME,2MEQ,2MEQA,2MEQAB,2MEQABY,2MEQABYA,2MEQABYAN,2MQ,MEKABIS OF M,MEKABIS OF MO,MEKABIS OF MOA,MEKABIS OF MOAB,MEKABISOFM,MEKABISOFMO,MEKABISOFMOA,MEKABISOFMOAB,MQ2
(Unknown)	(Unknown)	3 Meqabyan / 3 Makabian	MQ3	118	506	10				3Meq		3Mq	C0				206									???		3 MAK,3 MAKA,3 MAKAB,3 MAKABI,3 MAKABIA,3 MAKABIAN,3 ME,3 MEQ,3 MEQA,3 MEQAB,3 MEQABY,3 MEQABYA,3 MEQABYAN,3MAK,3MAKA,3MAKAB,3MAKABI,3MAKABIA,3MAKABIAN,3ME,3MEQ,3MEQA,3MEQAB,3MEQABY,3MEQABYA,3MEQABYAN,3MQ,MQ3
hbo	(Unknown)	Psalms Book 1 / Psalms Book I	PB1	120	101	41																				OT		PB1,PSALMS BOOK 1,PSALMS BOOK I,PSALMSBOOK1,PSALMSBOOKI
hbo	(Unknown)	Psalms Book 2 / Psalms Book II	PB2	121	102	31																				OT		PB2,PSALMS BOOK 2,PSALMS BOOK II,PSALMSBOOK2,PSALMSBOOKII
hbo	(Unknown)	Psalms Book 3 / Psalms Book III	PB3	122	103	17																				OT		PB3,PSALMS BOOK 3,PSALMS BOOK III,PSALMSBOOK3,PSALMSBOOKIII
hbo	(Unknown)	Psalms Book 4 / Psalms Book IV	PB4	123	104	17																				OT		PB4,PSALMS BOOK 4,PSALMS BOOK IV,PSALMSBOOK4,PSALMSBOOKIV
hbo	(Unknown)	Psalms Book 5 / Psalms Book V	PB5	124	105	44																				OT		PB5,PSALMS BOOK 5,PSALMS BOOK V,PSALMSBOOK5,PSALMSBOOKV
hbo	(Unknown)	Psalms B / Liturgical Psalms / Metrical Psalms / Alternative Psalms / Grail Psalms	PSB	125	106	150				PsMet		PsB	88													OT+		ALTERNATIVE PS,ALTERNATIVE PSA,ALTERNATIVE PSAL,ALTERNATIVE PSALM,ALTERNATIVE PSALMS,ALTERNATIVEP,ALTERNATIVEPS,ALTERNATIVEPSA,ALTERNATIVEPSAL,ALTERNATIVEPSALM,ALTERNATIVEPSALMS,GRA,GRAI,GRAIL,GRAIL P,GRAIL PS,GRAIL PSA,GRAIL PSAL,GRAIL PSALM,GRAIL PSALMS,GRAILP,GRAILPS,GRAILPSA,GRAILPSAL,GRAILPSALM,GRAILPSALMS,LIT,LITU,LITUR,LITURG,LITURGI,LITURGIC,LITURGICA,LITURGICAL,LITURGICAL P,LITURGICAL PS,LITURGICAL PSA,LITURGICAL PSAL,LITURGICAL PSALM,LITURGICAL PSALMS,LITURGICALP,LITURGICALPS,LITURGICALPSA,LITURGICALPSAL,LITURGICALPSALM,LITURGICALPSALMS,MET,METR,METRI,METRIC,METRICA,METRICAL,METRICAL P,METRICAL PS,METRICAL PSA,METRICAL PSAL,METRICAL PSALM,METRICAL PSALMS,METRICALP,METRICALPS,METRICALPSA,METRICALPSAL,METRICALPSALM,METRICALPSALMS,PSALMSB,PSB,PSM,PSME,PSMET
(Unknown)	(Unknown)	Psalm 151	PS2	126	107	1			AddPs	AddPs	86	Ps2	85	084	84A	84	54	Ps151			PSX					OT+		ADDP,ADDPS,PS1,PS15,PS151,PS2,PSALM 151,PSX
hbo	(Unknown)	Syriac Psalms 152-155 / Five apocryphal Syriac Psalms / Additional Syriac Psalms	PS3	127	108	5,4				5ApocSyrPss		Ps3	B3	113			202									???		5A,5AP,5APO,5APOC,5APOCS,5APOCSY,5APOCSYR,5APOCSYRP,5APOCSYRPS,5APOCSYRPSS,ADDITIONAL S,ADDITIONAL SY,ADDITIONAL SYR,ADDITIONAL SYRI,ADDITIONAL SYRIA,ADDITIONAL SYRIAC,ADDITIONAL SYRIAC P,ADDITIONAL SYRIAC PS,ADDITIONAL SYRIAC PSA,ADDITIONAL SYRIAC PSAL,ADDITIONAL SYRIAC PSALM,ADDITIONAL SYRIAC PSALMS,ADDITIONALS,ADDITIONALSY,ADDITIONALSYR,ADDITIONALSYRI,ADDITIONALSYRIA,ADDITIONALSYRIAC,ADDITIONALSYRIACP,ADDITIONALSYRIACPS,ADDITIONALSYRIACPSA,ADDITIONALSYRIACPSAL,ADDITIONALSYRIACPSALM,ADDITIONALSYRIACPSALMS,FI,FIV,FIVE,FIVE A,FIVE AP,FIVE APO,FIVE APOC,FIVE APOCR,FIVE APOCRY,FIVE APOCRYP,FIVE APOCRYPH,FIVE APOCRYPHA,FIVE APOCRYPHAL,FIVE APOCRYPHAL S,FIVE APOCRYPHAL SY,FIVE APOCRYPHAL SYR,FIVE APOCRYPHAL SYRI,FIVE APOCRYPHAL SYRIA,FIVE APOCRYPHAL SYRIAC,FIVE APOCRYPHAL SYRIAC P,FIVE APOCRYPHAL SYRIAC PS,FIVE APOCRYPHAL SYRIAC PSA,FIVE APOCRYPHAL SYRIAC PSAL,FIVE APOCRYPHAL SYRIAC PSALM,FIVE APOCRYPHAL SYRIAC PSALMS,FIVEA,FIVEAP,FIVEAPO,FIVEAPOC,FIVEAPOCR,FIVEAPOCRY,FIVEAPOCRYP,FIVEAPOCRYPH,FIVEAPOCRYPHA,FIVEAPOCRYPHAL,FIVEAPOCRYPHALS,FIVEAPOCRYPHALSY,FIVEAPOCRYPHALSYR,FIVEAPOCRYPHALSYRI,FIVEAPOCRYPHALSYRIA,FIVEAPOCRYPHALSYRIAC,FIVEAPOCRYPHALSYRIACP,FIVEAPOCRYPHALSYRIACPS,FIVEAPOCRYPHALSYRIACPSA,FIVEAPOCRYPHALSYRIACPSAL,FIVEAPOCRYPHALSYRIACPSALM,FIVEAPOCRYPHALSYRIACPSALMS,PS3,SY,SYR,SYRI,SYRIA,SYRIAC,SYRIAC P,SYRIAC PS,SYRIAC PSA,SYRIAC PSAL,SYRIAC PSALM,SYRIAC PSALMS,SYRIAC PSALMS 1,SYRIAC PSALMS 15,SYRIAC PSALMS 152,SYRIAC PSALMS 152-,SYRIAC PSALMS 152-1,SYRIAC PSALMS 152-15,SYRIAC PSALMS 152-155,SYRIACP,SYRIACPS,SYRIACPSA,SYRIACPSAL,SYRIACPSALM,SYRIACPSALMS,SYRIACPSALMS1,SYRIACPSALMS15,SYRIACPSALMS152,SYRIACPSALMS152-,SYRIACPSALMS152-1,SYRIACPSALMS152-15,SYRIACPSALMS152-155
(Unknown)	(Unknown)	Additional Psalms of Solomon	PSS	128	109	18				PssSol		PsS	87	086	85A		59	PsSol			PSS					???		ADDITIONAL P,ADDITIONAL PS,ADDITIONAL PSA,ADDITIONAL PSAL,ADDITIONAL PSALM,ADDITIONAL PSALMS,ADDITIONAL PSALMS O,ADDITIONAL PSALMS OF,ADDITIONAL PSALMS OF S,ADDITIONAL PSALMS OF SO,ADDITIONAL PSALMS OF SOL,ADDITIONAL PSALMS OF SOLO,ADDITIONAL PSALMS OF SOLOM,ADDITIONAL PSALMS OF SOLOMO,ADDITIONAL PSALMS OF SOLOMON,ADDITIONALP,ADDITIONALPS,ADDITIONALPSA,ADDITIONALPSAL,ADDITIONALPSALM,ADDITIONALPSALMS,ADDITIONALPSALMSO,ADDITIONALPSALMSOF,ADDITIONALPSALMSOFS,ADDITIONALPSALMSOFSO,ADDITIONALPSALMSOFSOL,ADDITIONALPSALMSOFSOLO,ADDITIONALPSALMSOFSOLOM,ADDITIONALPSALMSOFSOLOMO,ADDITIONALPSALMSOFSOLOMON,PSS,PSSO,PSSOL,PSSS,PSSSO,PSSSOL
(Unknown)	(Unknown)	Letter to the Laodiceans	LAO	130	660	1				EpLao		Lao	C3	123			60	Laod			LAO					NT+		EPLA,EPLAO,LAO,LAOD,LETTER T,LETTER TO,LETTER TO T,LETTER TO TH,LETTER TO THE,LETTER TO THE L,LETTER TO THE LA,LETTER TO THE LAO,LETTER TO THE LAOD,LETTER TO THE LAODI,LETTER TO THE LAODIC,LETTER TO THE LAODICE,LETTER TO THE LAODICEA,LETTER TO THE LAODICEAN,LETTER TO THE LAODICEANS,LETTERT,LETTERTO,LETTERTOT,LETTERTOTH,LETTERTOTHE,LETTERTOTHEL,LETTERTOTHELA,LETTERTOTHELAO,LETTERTOTHELAOD,LETTERTOTHELAODI,LETTERTOTHELAODIC,LETTERTOTHELAODICE,LETTERTOTHELAODICEA,LETTERTOTHELAODICEAN,LETTERTOTHELAODICEANS
(Unknown)	(Unknown)	Odes / Odae	ODE	131	300	14				Odes		Oda	86	085	86A		58	Ode			ODE					DC		OD,ODA,ODAE,ODE
(Unknown)	(Unknown)	Prayer of Solomon	PSO	132	310					PrSol		PSo											PRS			DC		PRAYER OF S,PRAYER OF SO,PRAYER OF SOL,PRAYER OF SOLO,PRAYER OF SOLOM,PRAYER OF SOLOMO,PRAYER OF SOLOMON,PRAYEROFS,PRAYEROFSO,PRAYEROFSOL,PRAYEROFSOLO,PRAYEROFSOLOM,PRAYEROFSOLOMO,PRAYEROFSOLOMON,PRS,PRSO,PRSOL,PSO
(Unknown)	(Unknown)	Prayer of Jeremiah	PJE	133	312	1				PrJer		PJe											PRJ			DC		PJ,PJE,PRAYER OF J,PRAYER OF JE,PRAYER OF JER,PRAYER OF JERE,PRAYER OF JEREM,PRAYER OF JEREMI,PRAYER OF JEREMIA,PRAYER OF JEREMIAH,PRAYEROFJ,PRAYEROFJE,PRAYEROFJER,PRAYEROFJERE,PRAYEROFJEREM,PRAYEROFJEREMI,PRAYEROFJEREMIA,PRAYEROFJEREMIAH,PRJ,PRJE,PRJER
(Unknown)	(Unknown)	Words of Sirach	WSI	134	320	1				WSir		WSi														???		WORDS,WORDS O,WORDS OF,WORDS OF S,WORDS OF SI,WORDS OF SIR,WORDS OF SIRA,WORDS OF SIRAC,WORDS OF SIRACH,WORDSO,WORDSOF,WORDSOFS,WORDSOFSI,WORDSOFSIR,WORDSOFSIRA,WORDSOFSIRAC,WORDSOFSIRACH,WS,WSI,WSIR
(Unknown)	(Unknown)	Letter of the Corinthians to Paul / Epistle of the Corinthians to Paul	COP	135	662	1				EpCorPaul		CoP														NT+		COP,EPC,EPCO,EPCOR,EPCORP,EPCORPA,EPCORPAU,EPCORPAUL,EPISTLE OF T,EPISTLE OF TH,EPISTLE OF THE,EPISTLE OF THE C,EPISTLE OF THE CO,EPISTLE OF THE COR,EPISTLE OF THE CORI,EPISTLE OF THE CORIN,EPISTLE OF THE CORINT,EPISTLE OF THE CORINTH,EPISTLE OF THE CORINTHI,EPISTLE OF THE CORINTHIA,EPISTLE OF THE CORINTHIAN,EPISTLE OF THE CORINTHIANS,EPISTLE OF THE CORINTHIANS T,EPISTLE OF THE CORINTHIANS TO,EPISTLE OF THE CORINTHIANS TO P,EPISTLE OF THE CORINTHIANS TO PA,EPISTLE OF THE CORINTHIANS TO PAU,EPISTLE OF THE CORINTHIANS TO PAUL,EPISTLEOFT,EPISTLEOFTH,EPISTLEOFTHE,EPISTLEOFTHEC,EPISTLEOFTHECO,EPISTLEOFTHECOR,EPISTLEOFTHECORI,EPISTLEOFTHECORIN,EPISTLEOFTHECORINT,EPISTLEOFTHECORINTH,EPISTLEOFTHECORINTHI,EPISTLEOFTHECORINTHIA,EPISTLEOFTHECORINTHIAN,EPISTLEOFTHECORINTHIANS,EPISTLEOFTHECORINTHIANST,EPISTLEOFTHECORINTHIANSTO,EPISTLEOFTHECORINTHIANSTOP,EPISTLEOFTHECORINTHIANSTOPA,EPISTLEOFTHECORINTHIANSTOPAU,EPISTLEOFTHECORINTHIANSTOPAUL,LETTER OF T,LETTER OF TH,LETTER OF THE,LETTER OF THE C,LETTER OF THE CO,LETTER OF THE COR,LETTER OF THE CORI,LETTER OF THE CORIN,LETTER OF THE CORINT,LETTER OF THE CORINTH,LETTER OF THE CORINTHI,LETTER OF THE CORINTHIA,LETTER OF THE CORINTHIAN,LETTER OF THE CORINTHIANS,LETTER OF THE CORINTHIANS T,LETTER OF THE CORINTHIANS TO,LETTER OF THE CORINTHIANS TO P,LETTER OF THE CORINTHIANS TO PA,LETTER OF THE CORINTHIANS TO PAU,LETTER OF THE CORINTHIANS TO PAUL,LETTEROFT,LETTEROFTH,LETTEROFTHE,LETTEROFTHEC,LETTEROFTHECO,LETTEROFTHECOR,LETTEROFTHECORI,LETTEROFTHECORIN,LETTEROFTHECORINT,LETTEROFTHECORINTH,LETTEROFTHECORINTHI,LETTEROFTHECORINTHIA,LETTEROFTHECORINTHIAN,LETTEROFTHECORINTHIANS,LETTEROFTHECORINTHIANST,LETTEROFTHECORINTHIANSTO,LETTEROFTHECORINTHIANSTOP,LETTEROFTHECORINTHIANSTOPA,LETTEROFTHECORINTHIANSTOPAU,LETTEROFTHECORINTHIANSTOPAUL
(Unknown)	(Unknown)	3 Corinthians	CO3	136	664	1				3Cor		3Co														NT+		3 C,3 CO,3 COR,3 CORI,3 CORIN,3 CORINT,3 CORINTH,3 CORINTHI,3 CORINTHIA,3 CORINTHIAN,3 CORINTHIANS,3C,3CO,3COR,3CORI,3CORIN,3CORINT,3CORINTH,3CORINTHI,3CORINTHIA,3CORINTHIAN,3CORINTHIANS,CO3
(Unknown)	(Unknown)	Prayer of Euthalius	EUT	137	670	1				PrEuth		Eut											PRE			NT+		EUT,PRAYER OF E,PRAYER OF EU,PRAYER OF EUT,PRAYER OF EUTH,PRAYER OF EUTHA,PRAYER OF EUTHAL,PRAYER OF EUTHALI,PRAYER OF EUTHALIU,PRAYER OF EUTHALIUS,PRAYEROFE,PRAYEROFEU,PRAYEROFEUT,PRAYEROFEUTH,PRAYEROFEUTHA,PRAYEROFEUTHAL,PRAYEROFEUTHALI,PRAYEROFEUTHALIU,PRAYEROFEUTHALIUS,PRE,PREU,PREUT,PREUTH
(Unknown)	(Unknown)	Dormition of John	DOJ	138	680	1				DormJohn		DoJ														NT+		DO,DOJ,DOR,DORM,DORMI,DORMIT,DORMITI,DORMITIO,DORMITION,DORMITION O,DORMITION OF,DORMITION OF J,DORMITION OF JO,DORMITION OF JOH,DORMITION OF JOHN,DORMITIONO,DORMITIONOF,DORMITIONOFJ,DORMITIONOFJO,DORMITIONOFJOH,DORMITIONOFJOHN,DORMJ,DORMJO,DORMJOH,DORMJOHN
hbo	(Unknown)	Jubilees	JUB	140	340	34				Jub		Jub	B6				203									DC		JUB,JUBI,JUBIL,JUBILE,JUBILEE,JUBILEES
hbo	(Unknown)	Enoch / 1 Enoch / Ethiopic Apocalypse of Enoch	ENO	141	342	42				1En		Eno	B7				88									???		1 EN,1 ENO,1 ENOC,1 ENOCH,1EN,1ENO,1ENOC,1ENOCH,ENO,ENOC,ENOCH,ET,ETH,ETHI,ETHIO,ETHIOP,ETHIOPI,ETHIOPIC,ETHIOPIC A,ETHIOPIC AP,ETHIOPIC APO,ETHIOPIC APOC,ETHIOPIC APOCA,ETHIOPIC APOCAL,ETHIOPIC APOCALY,ETHIOPIC APOCALYP,ETHIOPIC APOCALYPS,ETHIOPIC APOCALYPSE,ETHIOPIC APOCALYPSE O,ETHIOPIC APOCALYPSE OF,ETHIOPIC APOCALYPSE OF E,ETHIOPIC APOCALYPSE OF EN,ETHIOPIC APOCALYPSE OF ENO,ETHIOPIC APOCALYPSE OF ENOC,ETHIOPIC APOCALYPSE OF ENOCH,ETHIOPICA,ETHIOPICAP,ETHIOPICAPO,ETHIOPICAPOC,ETHIOPICAPOCA,ETHIOPICAPOCAL,ETHIOPICAPOCALY,ETHIOPICAPOCALYP,ETHIOPICAPOCALYPS,ETHIOPICAPOCALYPSE,ETHIOPICAPOCALYPSEO,ETHIOPICAPOCALYPSEOF,ETHIOPICAPOCALYPSEOFE,ETHIOPICAPOCALYPSEOFEN,ETHIOPICAPOCALYPSEOFENO,ETHIOPICAPOCALYPSEOFENOC,ETHIOPICAPOCALYPSEOFENOCH
(Unknown)	(Unknown)	2 Enoch	EN2	142	344				2En	2En																???		2 EN,2 ENO,2 ENOC,2 ENOCH,2EN,2ENO,2ENOC,2ENOCH,EN2
(Unknown)	(Unknown)	Reproof / Tegsas / Tegsats / Taagsas	REP	143	350	6				Rep		Rep	C1				207									???		REP,REPR,REPRO,REPROO,REPROOF,TAA,TAAG,TAAGS,TAAGSA,TAAGSAS,TEG,TEGS,TEGSA,TEGSAS,TEGSAT,TEGSATS
(Unknown)	(Unknown)	Letter of Barnabas / Epistle of Barnabas / Barnabas	LBB	144	690					Barn																???		BARN,BARNA,BARNAB,BARNABA,BARNABAS,EPISTLE OF BARN,EPISTLE OF BARNA,EPISTLE OF BARNAB,EPISTLE OF BARNABA,EPISTLE OF BARNABAS,EPISTLEOFBARN,EPISTLEOFBARNA,EPISTLEOFBARNAB,EPISTLEOFBARNABA,EPISTLEOFBARNABAS,LBB,LETTER OF BARN,LETTER OF BARNA,LETTER OF BARNAB,LETTER OF BARNABA,LETTER OF BARNABAS,LETTEROFBARN,LETTEROFBARNA,LETTEROFBARNAB,LETTEROFBARNABA,LETTEROFBARNABAS
(Unknown)	(Unknown)	1 Clement	CL1	150	360	65				1Clem		1Cl														???		1 CL,1 CLE,1 CLEM,1 CLEME,1 CLEMEN,1 CLEMENT,1CL,1CLE,1CLEM,1CLEME,1CLEMEN,1CLEMENT,CL1
(Unknown)	(Unknown)	2 Clement	CL2	151	362	20				2Clem		2Cl														???		2 CL,2 CLE,2 CLEM,2 CLEME,2 CLEMEN,2 CLEMENT,2CL,2CLE,2CLEM,2CLEME,2CLEMEN,2CLEMENT,CL2
(Unknown)	(Unknown)	Didache	DID	153	366	16				Did		Did														???		DID,DIDA,DIDAC,DIDACH,DIDACHE
(Unknown)	(Unknown)	Joshua A	JSA	154	370	24				JoshA		JsA									JSA			JOS		???		JOSHA,JOSHUA A,JOSHUAA,JSA
(Unknown)	(Unknown)	Joshua B	JSB	155	371	24				JoshB		JsB									JSB			JOS		???		JOSHB,JOSHUA B,JOSHUAB,JSB
(Unknown)	(Unknown)	Judges A	JGA	156	372	21				JudgA		JdA									JDA			JDG		???		JDA,JGA,JUDGA,JUDGES A,JUDGESA
(Unknown)	(Unknown)	Judges B	JGB	157	373	21				JudgB		JdB									JDB			JDG		???		JDB,JGB,JUDGB,JUDGES B,JUDGESB
(Unknown)	(Unknown)	Tobit S	TBS	158	374	14				TobS		TbS									TBS			TOB		???		TBS,TOBIT S,TOBITS,TOBS
(Unknown)	(Unknown)	Susanna θ / Susanna Th	SST	159	375	1				SusTh		SsT									SUT			SUS		???		SST,SUSANNA T,SUSANNA TH,SUSANNA Θ,SUSANNAT,SUSANNATH,SUSANNAΘ,SUST,SUSTH,SUT
(Unknown)	(Unknown)	Daniel θ / Daniel Th	DNT	160	376	12				DanTh		DnT									DAT			DAN,DNG,DNA,DNC		???		DANIEL T,DANIEL TH,DANIEL Θ,DANIELT,DANIELTH,DANIELΘ,DANT,DANTH,DAT,DNT
(Unknown)	(Unknown)	Bel and the dragon θ / Bel and the dragon Th	BLT	161	377	1				BelTh		BlT									BET			BEL		???		BEL AND THE DRAGON T,BEL AND THE DRAGON TH,BEL AND THE DRAGON Θ,BELANDTHEDRAGONT,BELANDTHEDRAGONTH,BELANDTHEDRAGONΘ,BELT,BELTH,BET,BL,BLT
(Unknown)	(Unknown)	Gospel of the Hebrews	GHE	170	700																					PS		GH,GHE,GOSPEL OF THE H,GOSPEL OF THE HE,GOSPEL OF THE HEB,GOSPEL OF THE HEBR,GOSPEL OF THE HEBRE,GOSPEL OF THE HEBREW,GOSPEL OF THE HEBREWS,GOSPELOFTHEH,GOSPELOFTHEHE,GOSPELOFTHEHEB,GOSPELOFTHEHEBR,GOSPELOFTHEHEBRE,GOSPELOFTHEHEBREW,GOSPELOFTHEHEBREWS
(Unknown)	(Unknown)	Gospel of Truth	GTR	171	702																					PS		GOSPEL OF TR,GOSPEL OF TRU,GOSPEL OF TRUT,GOSPEL OF TRUTH,GOSPELOFTR,GOSPELOFTRU,GOSPELOFTRUT,GOSPELOFTRUTH,GTR
(Unknown)	(Unknown)	Gospel of Mary	GMA	172	704																					PS		GMA,GOSPEL OF MARY,GOSPELOFMARY
(Unknown)	(Unknown)	Gospel of Marcion	GMC	173	706																					PS		GMC,GOSPEL OF MARC,GOSPEL OF MARCI,GOSPEL OF MARCIO,GOSPEL OF MARCION,GOSPELOFMARC,GOSPELOFMARCI,GOSPELOFMARCIO,GOSPELOFMARCION
(Unknown)	(Unknown)	Gospel of the Twelve	GTW	174	708																					PS		GOSPEL OF THE T,GOSPEL OF THE TW,GOSPEL OF THE TWE,GOSPEL OF THE TWEL,GOSPEL OF THE TWELV,GOSPEL OF THE TWELVE,GOSPELOFTHET,GOSPELOFTHETW,GOSPELOFTHETWE,GOSPELOFTHETWEL,GOSPELOFTHETWELV,GOSPELOFTHETWELVE,GTW
(Unknown)	(Unknown)	Gospel of Philip	GPH	175	710																					PS		GOSPEL OF P,GOSPEL OF PH,GOSPEL OF PHI,GOSPEL OF PHIL,GOSPEL OF PHILI,GOSPEL OF PHILIP,GOSPELOFP,GOSPELOFPH,GOSPELOFPHI,GOSPELOFPHIL,GOSPELOFPHILI,GOSPELOFPHILIP,GP,GPH
(Unknown)	(Unknown)	Gospel of Thomas	GTH	176	712																					PS		GOSPEL OF THO,GOSPEL OF THOM,GOSPEL OF THOMA,GOSPEL OF THOMAS,GOSPELOFTHO,GOSPELOFTHOM,GOSPELOFTHOMA,GOSPELOFTHOMAS,GTH
(Unknown)	(Unknown)	Gospel of Judas	GJU	177	714																					PS		GJ,GJU,GOSPEL OF J,GOSPEL OF JU,GOSPEL OF JUD,GOSPEL OF JUDA,GOSPEL OF JUDAS,GOSPELOFJ,GOSPELOFJU,GOSPELOFJUD,GOSPELOFJUDA,GOSPELOFJUDAS
(Unknown)	(Unknown)	Gospel of Bartholomew	GBA	178	716																					PS		GB,GBA,GOSPEL OF B,GOSPEL OF BA,GOSPEL OF BAR,GOSPEL OF BART,GOSPEL OF BARTH,GOSPEL OF BARTHO,GOSPEL OF BARTHOL,GOSPEL OF BARTHOLO,GOSPEL OF BARTHOLOM,GOSPEL OF BARTHOLOME,GOSPEL OF BARTHOLOMEW,GOSPELOFB,GOSPELOFBA,GOSPELOFBAR,GOSPELOFBART,GOSPELOFBARTH,GOSPELOFBARTHO,GOSPELOFBARTHOL,GOSPELOFBARTHOLO,GOSPELOFBARTHOLOM,GOSPELOFBARTHOLOME,GOSPELOFBARTHOLOMEW
(Unknown)	(Unknown)	Apocrypha of James / Apocryphal James	AJA	179	718																					PS		AJ,AJA,APOCRYPHA OF J,APOCRYPHA OF JA,APOCRYPHA OF JAM,APOCRYPHA OF JAME,APOCRYPHA OF JAMES,APOCRYPHAL J,APOCRYPHAL JA,APOCRYPHAL JAM,APOCRYPHAL JAME,APOCRYPHAL JAMES,APOCRYPHALJ,APOCRYPHALJA,APOCRYPHALJAM,APOCRYPHALJAME,APOCRYPHALJAMES,APOCRYPHAOFJ,APOCRYPHAOFJA,APOCRYPHAOFJAM,APOCRYPHAOFJAME,APOCRYPHAOFJAMES
(Unknown)	(Unknown)	Wisdom of Jesus Christ	WJC	180	720																					PS		WISDOM OF JESUS C,WISDOM OF JESUS CH,WISDOM OF JESUS CHR,WISDOM OF JESUS CHRI,WISDOM OF JESUS CHRIS,WISDOM OF JESUS CHRIST,WISDOMOFJESUSC,WISDOMOFJESUSCH,WISDOMOFJESUSCHR,WISDOMOFJESUSCHRI,WISDOMOFJESUSCHRIS,WISDOMOFJESUSCHRIST,WJ,WJC
(Unknown)	(Unknown)	Testament of Adam	TAD	190	400																					PS		TAD,TESTAMENT OF AD,TESTAMENT OF ADA,TESTAMENT OF ADAM,TESTAMENTOFAD,TESTAMENTOFADA,TESTAMENTOFADAM
(Unknown)	(Unknown)	Life of Adam and Eve	LAE	191	402																					PS		LAE,LIF,LIFE,LIFE O,LIFE OF,LIFE OF A,LIFE OF AD,LIFE OF ADA,LIFE OF ADAM,LIFE OF ADAM A,LIFE OF ADAM AN,LIFE OF ADAM AND,LIFE OF ADAM AND E,LIFE OF ADAM AND EV,LIFE OF ADAM AND EVE,LIFEO,LIFEOF,LIFEOFA,LIFEOFAD,LIFEOFADA,LIFEOFADAM,LIFEOFADAMA,LIFEOFADAMAN,LIFEOFADAMAND,LIFEOFADAMANDE,LIFEOFADAMANDEV,LIFEOFADAMANDEVE
(Unknown)	(Unknown)	Assumption of Moses / Testament of Moses	ASS	192	404																					PS		AS,ASS,ASSU,ASSUM,ASSUMP,ASSUMPT,ASSUMPTI,ASSUMPTIO,ASSUMPTION,ASSUMPTION O,ASSUMPTION OF,ASSUMPTION OF M,ASSUMPTION OF MO,ASSUMPTION OF MOS,ASSUMPTION OF MOSE,ASSUMPTION OF MOSES,ASSUMPTIONO,ASSUMPTIONOF,ASSUMPTIONOFM,ASSUMPTIONOFMO,ASSUMPTIONOFMOS,ASSUMPTIONOFMOSE,ASSUMPTIONOFMOSES,TESTAMENT OF M,TESTAMENT OF MO,TESTAMENT OF MOS,TESTAMENT OF MOSE,TESTAMENT OF MOSES,TESTAMENTOFM,TESTAMENTOFMO,TESTAMENTOFMOS,TESTAMENTOFMOSE,TESTAMENTOFMOSES
(Unknown)	(Unknown)	Testament of Solomon	TSO	193	406																					PS		TESTAMENT OF SO,TESTAMENT OF SOL,TESTAMENT OF SOLO,TESTAMENT OF SOLOM,TESTAMENT OF SOLOMO,TESTAMENT OF SOLOMON,TESTAMENTOFSO,TESTAMENTOFSOL,TESTAMENTOFSOLO,TESTAMENTOFSOLOM,TESTAMENTOFSOLOMO,TESTAMENTOFSOLOMON,TSO
(Unknown)	(Unknown)	Testament of Job	TJB	194	408																					PS		TESTAMENT OF JOB,TESTAMENTOFJOB,TJ,TJB
(Unknown)	(Unknown)	Martyrdom and Ascension of Isaiah	MAI	195	410																					PS		MAI,MARTYR,MARTYRD,MARTYRDO,MARTYRDOM,MARTYRDOM A,MARTYRDOM AN,MARTYRDOM AND,MARTYRDOM AND A,MARTYRDOM AND AS,MARTYRDOM AND ASC,MARTYRDOM AND ASCE,MARTYRDOM AND ASCEN,MARTYRDOM AND ASCENS,MARTYRDOM AND ASCENSI,MARTYRDOM AND ASCENSIO,MARTYRDOM AND ASCENSION,MARTYRDOM AND ASCENSION O,MARTYRDOM AND ASCENSION OF,MARTYRDOM AND ASCENSION OF I,MARTYRDOM AND ASCENSION OF IS,MARTYRDOM AND ASCENSION OF ISA,MARTYRDOM AND ASCENSION OF ISAI,MARTYRDOM AND ASCENSION OF ISAIA,MARTYRDOM AND ASCENSION OF ISAIAH,MARTYRDOMA,MARTYRDOMAN,MARTYRDOMAND,MARTYRDOMANDA,MARTYRDOMANDAS,MARTYRDOMANDASC,MARTYRDOMANDASCE,MARTYRDOMANDASCEN,MARTYRDOMANDASCENS,MARTYRDOMANDASCENSI,MARTYRDOMANDASCENSIO,MARTYRDOMANDASCENSION,MARTYRDOMANDASCENSIONO,MARTYRDOMANDASCENSIONOF,MARTYRDOMANDASCENSIONOFI,MARTYRDOMANDASCENSIONOFIS,MARTYRDOMANDASCENSIONOFISA,MARTYRDOMANDASCENSIONOFISAI,MARTYRDOMANDASCENSIONOFISAIA,MARTYRDOMANDASCENSIONOFISAIAH
(Unknown)	(Unknown)	Apocrypha of Ezekiel / Apocryphon of Ezekiel	AEZ	196	412																					PS		AE,AEZ,APOCRYPHA OF E,APOCRYPHA OF EZ,APOCRYPHA OF EZE,APOCRYPHA OF EZEK,APOCRYPHA OF EZEKI,APOCRYPHA OF EZEKIE,APOCRYPHA OF EZEKIEL,APOCRYPHAOFE,APOCRYPHAOFEZ,APOCRYPHAOFEZE,APOCRYPHAOFEZEK,APOCRYPHAOFEZEKI,APOCRYPHAOFEZEKIE,APOCRYPHAOFEZEKIEL,APOCRYPHO,APOCRYPHON,APOCRYPHON O,APOCRYPHON OF,APOCRYPHON OF E,APOCRYPHON OF EZ,APOCRYPHON OF EZE,APOCRYPHON OF EZEK,APOCRYPHON OF EZEKI,APOCRYPHON OF EZEKIE,APOCRYPHON OF EZEKIEL,APOCRYPHONO,APOCRYPHONOF,APOCRYPHONOFE,APOCRYPHONOFEZ,APOCRYPHONOFEZE,APOCRYPHONOFEZEK,APOCRYPHONOFEZEKI,APOCRYPHONOFEZEKIE,APOCRYPHONOFEZEKIEL
(Unknown)	(Unknown)	Ezekiel the Tragedian	EZT	197	414																					PS		EZEKIEL T,EZEKIEL TH,EZEKIEL THE,EZEKIEL THE T,EZEKIEL THE TR,EZEKIEL THE TRA,EZEKIEL THE TRAG,EZEKIEL THE TRAGE,EZEKIEL THE TRAGED,EZEKIEL THE TRAGEDI,EZEKIEL THE TRAGEDIA,EZEKIEL THE TRAGEDIAN,EZEKIELT,EZEKIELTH,EZEKIELTHE,EZEKIELTHET,EZEKIELTHETR,EZEKIELTHETRA,EZEKIELTHETRAG,EZEKIELTHETRAGE,EZEKIELTHETRAGED,EZEKIELTHETRAGEDI,EZEKIELTHETRAGEDIA,EZEKIELTHETRAGEDIAN,EZT
(Unknown)	(Unknown)	Eupolemus	EUP	198	416																					PS		EUP,EUPO,EUPOL,EUPOLE,EUPOLEM,EUPOLEMU,EUPOLEMUS
(Unknown)	(Unknown)	Pseudo of Eupolemus / Pseudo-Eupolemus	PEU	199	418																					PS		PEU,PSEUDO O,PSEUDO OF,PSEUDO OF E,PSEUDO OF EU,PSEUDO OF EUP,PSEUDO OF EUPO,PSEUDO OF EUPOL,PSEUDO OF EUPOLE,PSEUDO OF EUPOLEM,PSEUDO OF EUPOLEMU,PSEUDO OF EUPOLEMUS,PSEUDO-E,PSEUDO-EU,PSEUDO-EUP,PSEUDO-EUPO,PSEUDO-EUPOL,PSEUDO-EUPOLE,PSEUDO-EUPOLEM,PSEUDO-EUPOLEMU,PSEUDO-EUPOLEMUS,PSEUDOO,PSEUDOOF,PSEUDOOFE,PSEUDOOFEU,PSEUDOOFEUP,PSEUDOOFEUPO,PSEUDOOFEUPOL,PSEUDOOFEUPOLE,PSEUDOOFEUPOLEM,PSEUDOOFEUPOLEMU,PSEUDOOFEUPOLEMUS
(Unknown)	(Unknown)	Visions of Amram	VAM	200	420																					PS		VA,VAM,VISI,VISIO,VISION,VISIONS,VISIONS O,VISIONS OF,VISIONS OF A,VISIONS OF AM,VISIONS OF AMR,VISIONS OF AMRA,VISIONS OF AMRAM,VISIONSO,VISIONSOF,VISIONSOFA,VISIONSOFAM,VISIONSOFAMR,VISIONSOFAMRA,VISIONSOFAMRAM
(Unknown)	(Unknown)	Letter of Aristeas / Epistle of Aristeas	LAR	201	422																					PS		EPISTLE OF A,EPISTLE OF AR,EPISTLE OF ARI,EPISTLE OF ARIS,EPISTLE OF ARIST,EPISTLE OF ARISTE,EPISTLE OF ARISTEA,EPISTLE OF ARISTEAS,EPISTLEOFA,EPISTLEOFAR,EPISTLEOFARI,EPISTLEOFARIS,EPISTLEOFARIST,EPISTLEOFARISTE,EPISTLEOFARISTEA,EPISTLEOFARISTEAS,LAR,LETTER OF A,LETTER OF AR,LETTER OF ARI,LETTER OF ARIS,LETTER OF ARIST,LETTER OF ARISTE,LETTER OF ARISTEA,LETTER OF ARISTEAS,LETTEROFA,LETTEROFAR,LETTEROFARI,LETTEROFARIS,LETTEROFARIST,LETTEROFARISTE,LETTEROFARISTEA,LETTEROFARISTEAS
(Unknown)	(Unknown)	Aristeas the Exegete	ARI	202	424																					PS		ARI,ARISTE,ARISTEA,ARISTEAS,ARISTEAS T,ARISTEAS TH,ARISTEAS THE,ARISTEAS THE E,ARISTEAS THE EX,ARISTEAS THE EXE,ARISTEAS THE EXEG,ARISTEAS THE EXEGE,ARISTEAS THE EXEGET,ARISTEAS THE EXEGETE,ARISTEAST,ARISTEASTH,ARISTEASTHE,ARISTEASTHEE,ARISTEASTHEEX,ARISTEASTHEEXE,ARISTEASTHEEXEG,ARISTEASTHEEXEGE,ARISTEASTHEEXEGET,ARISTEASTHEEXEGETE
(Unknown)	(Unknown)	Aristobulus	ABL	203	426																					PS		AB,ABL,ARISTO,ARISTOB,ARISTOBU,ARISTOBUL,ARISTOBULU,ARISTOBULUS
(Unknown)	(Unknown)	Artapanus	ART	204	428																					PS		ART,ARTA,ARTAP,ARTAPA,ARTAPAN,ARTAPANU,ARTAPANUS
(Unknown)	(Unknown)	Cleodemus Malchus	CLM	205	430																					PS		CLE,CLEO,CLEOD,CLEODE,CLEODEM,CLEODEMU,CLEODEMUS,CLEODEMUS M,CLEODEMUS MA,CLEODEMUS MAL,CLEODEMUS MALC,CLEODEMUS MALCH,CLEODEMUS MALCHU,CLEODEMUS MALCHUS,CLEODEMUSM,CLEODEMUSMA,CLEODEMUSMAL,CLEODEMUSMALC,CLEODEMUSMALCH,CLEODEMUSMALCHU,CLEODEMUSMALCHUS,CLM
(Unknown)	(Unknown)	Eldad and Modad	ELM	206	432																					PS		EL,ELD,ELDA,ELDAD,ELDAD A,ELDAD AN,ELDAD AND,ELDAD AND M,ELDAD AND MO,ELDAD AND MOD,ELDAD AND MODA,ELDAD AND MODAD,ELDADA,ELDADAN,ELDADAND,ELDADANDM,ELDADANDMO,ELDADANDMOD,ELDADANDMODA,ELDADANDMODAD,ELM
(Unknown)	(Unknown)	History of the Rechabites	HRE	207	434																					PS		HI,HIS,HIST,HISTO,HISTOR,HISTORY,HISTORY O,HISTORY OF,HISTORY OF T,HISTORY OF TH,HISTORY OF THE,HISTORY OF THE R,HISTORY OF THE RE,HISTORY OF THE REC,HISTORY OF THE RECH,HISTORY OF THE RECHA,HISTORY OF THE RECHAB,HISTORY OF THE RECHABI,HISTORY OF THE RECHABIT,HISTORY OF THE RECHABITE,HISTORY OF THE RECHABITES,HISTORYO,HISTORYOF,HISTORYOFT,HISTORYOFTH,HISTORYOFTHE,HISTORYOFTHER,HISTORYOFTHERE,HISTORYOFTHEREC,HISTORYOFTHERECH,HISTORYOFTHERECHA,HISTORYOFTHERECHAB,HISTORYOFTHERECHABI,HISTORYOFTHERECHABIT,HISTORYOFTHERECHABITE,HISTORYOFTHERECHABITES,HR,HRE
(Unknown)	(Unknown)	Lives of the Prophets	LPR	208	436																					PS		LIV,LIVE,LIVES,LIVES O,LIVES OF,LIVES OF T,LIVES OF TH,LIVES OF THE,LIVES OF THE P,LIVES OF THE PR,LIVES OF THE PRO,LIVES OF THE PROP,LIVES OF THE PROPH,LIVES OF THE PROPHE,LIVES OF THE PROPHET,LIVES OF THE PROPHETS,LIVESO,LIVESOF,LIVESOFT,LIVESOFTH,LIVESOFTHE,LIVESOFTHEP,LIVESOFTHEPR,LIVESOFTHEPRO,LIVESOFTHEPROP,LIVESOFTHEPROPH,LIVESOFTHEPROPHE,LIVESOFTHEPROPHET,LIVESOFTHEPROPHETS,LP,LPR
(Unknown)	(Unknown)	Philo the Epic Poet	EPL	209	438																					PS		EPL,PHILO,PHILO T,PHILO TH,PHILO THE,PHILO THE E,PHILO THE EP,PHILO THE EPI,PHILO THE EPIC,PHILO THE EPIC P,PHILO THE EPIC PO,PHILO THE EPIC POE,PHILO THE EPIC POET,PHILOT,PHILOTH,PHILOTHE,PHILOTHEE,PHILOTHEEP,PHILOTHEEPI,PHILOTHEEPIC,PHILOTHEEPICP,PHILOTHEEPICPO,PHILOTHEEPICPOE,PHILOTHEEPICPOET
(Unknown)	(Unknown)	Theodotus	TEO	210	440																					PS		TEO,THEO,THEOD,THEODO,THEODOT,THEODOTU,THEODOTUS
(Unknown)	(Unknown)	Testaments of the Twelve Patriarchs	TTP	250	380					T12Patr																PS		T12PATR,TESTAMENTS,TESTAMENTS O,TESTAMENTS OF,TESTAMENTS OF T,TESTAMENTS OF TH,TESTAMENTS OF THE,TESTAMENTS OF THE T,TESTAMENTS OF THE TW,TESTAMENTS OF THE TWE,TESTAMENTS OF THE TWEL,TESTAMENTS OF THE TWELV,TESTAMENTS OF THE TWELVE,TESTAMENTS OF THE TWELVE P,TESTAMENTS OF THE TWELVE PA,TESTAMENTS OF THE TWELVE PAT,TESTAMENTS OF THE TWELVE PATR,TESTAMENTS OF THE TWELVE PATRI,TESTAMENTS OF THE TWELVE PATRIA,TESTAMENTS OF THE TWELVE PATRIAR,TESTAMENTS OF THE TWELVE PATRIARC,TESTAMENTS OF THE TWELVE PATRIARCH,TESTAMENTS OF THE TWELVE PATRIARCHS,TESTAMENTSO,TESTAMENTSOF,TESTAMENTSOFT,TESTAMENTSOFTH,TESTAMENTSOFTHE,TESTAMENTSOFTHET,TESTAMENTSOFTHETW,TESTAMENTSOFTHETWE,TESTAMENTSOFTHETWEL,TESTAMENTSOFTHETWELV,TESTAMENTSOFTHETWELVE,TESTAMENTSOFTHETWELVEP,TESTAMENTSOFTHETWELVEPA,TESTAMENTSOFTHETWELVEPAT,TESTAMENTSOFTHETWELVEPATR,TESTAMENTSOFTHETWELVEPATRI,TESTAMENTSOFTHETWELVEPATRIA,TESTAMENTSOFTHETWELVEPATRIAR,TESTAMENTSOFTHETWELVEPATRIARC,TESTAMENTSOFTHETWELVEPATRIARCH,TESTAMENTSOFTHETWELVEPATRIARCHS,TTP
(Unknown)	(Unknown)	Testament of Asher	TSA	251	381					T12Patr.TAsh																PS		T12PATR.TA,T12PATR.TAS,T12PATR.TASH,TESTAMENT OF AS,TESTAMENT OF ASH,TESTAMENT OF ASHE,TESTAMENT OF ASHER,TESTAMENTOFAS,TESTAMENTOFASH,TESTAMENTOFASHE,TESTAMENTOFASHER,TSA
(Unknown)	(Unknown)	Testament of Benjamin	TSB	252	382					T12Patr.TBenj																PS		T12PATR.TB,T12PATR.TBE,T12PATR.TBEN,T12PATR.TBENJ,TESTAMENT OF B,TESTAMENT OF BE,TESTAMENT OF BEN,TESTAMENT OF BENJ,TESTAMENT OF BENJA,TESTAMENT OF BENJAM,TESTAMENT OF BENJAMI,TESTAMENT OF BENJAMIN,TESTAMENTOFB,TESTAMENTOFBE,TESTAMENTOFBEN,TESTAMENTOFBENJ,TESTAMENTOFBENJA,TESTAMENTOFBENJAM,TESTAMENTOFBENJAMI,TESTAMENTOFBENJAMIN,TSB
(Unknown)	(Unknown)	Testament of Dan	TSD	253	383					T12Patr.TDan																PS		T12PATR.TD,T12PATR.TDA,T12PATR.TDAN,TESTAMENT OF D,TESTAMENT OF DA,TESTAMENT OF DAN,TESTAMENTOFD,TESTAMENTOFDA,TESTAMENTOFDAN,TSD
(Unknown)	(Unknown)	Testament of Gad	TSG	254	384					T12Patr.TGad																PS		T12PATR.TG,T12PATR.TGA,T12PATR.TGAD,TESTAMENT OF G,TESTAMENT OF GA,TESTAMENT OF GAD,TESTAMENTOFG,TESTAMENTOFGA,TESTAMENTOFGAD,TSG
(Unknown)	(Unknown)	Testament of Issachar	TSI	255	385					T12Patr.TIss																PS		T12PATR.TI,T12PATR.TIS,T12PATR.TISS,TESTAMENT OF I,TESTAMENT OF IS,TESTAMENT OF ISS,TESTAMENT OF ISSA,TESTAMENT OF ISSAC,TESTAMENT OF ISSACH,TESTAMENT OF ISSACHA,TESTAMENT OF ISSACHAR,TESTAMENTOFI,TESTAMENTOFIS,TESTAMENTOFISS,TESTAMENTOFISSA,TESTAMENTOFISSAC,TESTAMENTOFISSACH,TESTAMENTOFISSACHA,TESTAMENTOFISSACHAR,TSI
(Unknown)	(Unknown)	Testament of Joseph	TSJ	256	386					T12Patr.TJos																PS		T12PATR.TJO,T12PATR.TJOS,TESTAMENT OF JOS,TESTAMENT OF JOSE,TESTAMENT OF JOSEP,TESTAMENT OF JOSEPH,TESTAMENTOFJOS,TESTAMENTOFJOSE,TESTAMENTOFJOSEP,TESTAMENTOFJOSEPH,TSJ
(Unknown)	(Unknown)	Testament of Judah	TSY	257	387					T12Patr.TJud																PS		T12PATR.TJU,T12PATR.TJUD,TESTAMENT OF JU,TESTAMENT OF JUD,TESTAMENT OF JUDA,TESTAMENT OF JUDAH,TESTAMENTOFJU,TESTAMENTOFJUD,TESTAMENTOFJUDA,TESTAMENTOFJUDAH,TSY
(Unknown)	(Unknown)	Testament of Levi	TSL	258	388					T12Patr.TLevi																PS		T12PATR.TL,T12PATR.TLE,T12PATR.TLEV,T12PATR.TLEVI,TESTAMENT OF L,TESTAMENT OF LE,TESTAMENT OF LEV,TESTAMENT OF LEVI,TESTAMENTOFL,TESTAMENTOFLE,TESTAMENTOFLEV,TESTAMENTOFLEVI,TSL
(Unknown)	(Unknown)	Testament of Naphtali	TSN	259	389					T12Patr.TNaph																PS		T12PATR.TN,T12PATR.TNA,T12PATR.TNAP,T12PATR.TNAPH,TESTAMENT OF N,TESTAMENT OF NA,TESTAMENT OF NAP,TESTAMENT OF NAPH,TESTAMENT OF NAPHT,TESTAMENT OF NAPHTA,TESTAMENT OF NAPHTAL,TESTAMENT OF NAPHTALI,TESTAMENTOFN,TESTAMENTOFNA,TESTAMENTOFNAP,TESTAMENTOFNAPH,TESTAMENTOFNAPHT,TESTAMENTOFNAPHTA,TESTAMENTOFNAPHTAL,TESTAMENTOFNAPHTALI,TSN
(Unknown)	(Unknown)	Testament of Reuben	TSR	260	390					T12Patr.TReu																PS		T12PATR.TR,T12PATR.TRE,T12PATR.TREU,TESTAMENT OF R,TESTAMENT OF RE,TESTAMENT OF REU,TESTAMENT OF REUB,TESTAMENT OF REUBE,TESTAMENT OF REUBEN,TESTAMENTOFR,TESTAMENTOFRE,TESTAMENTOFREU,TESTAMENTOFREUB,TESTAMENTOFREUBE,TESTAMENTOFREUBEN,TSR
(Unknown)	(Unknown)	Testament of Simeon	TSS	261	391					T12Patr.TSim																PS		T12PATR.TS,T12PATR.TSI,T12PATR.TSIM,TESTAMENT OF SI,TESTAMENT OF SIM,TESTAMENT OF SIME,TESTAMENT OF SIMEO,TESTAMENT OF SIMEON,TESTAMENTOFSI,TESTAMENTOFSIM,TESTAMENTOFSIME,TESTAMENTOFSIMEO,TESTAMENTOFSIMEON,TSS
(Unknown)	(Unknown)	Testament of Zebulun	TSZ	262	392					T12Patr.TZeb																PS		T12PATR.TZ,T12PATR.TZE,T12PATR.TZEB,TESTAMENT OF Z,TESTAMENT OF ZE,TESTAMENT OF ZEB,TESTAMENT OF ZEBU,TESTAMENT OF ZEBUL,TESTAMENT OF ZEBULU,TESTAMENT OF ZEBULUN,TESTAMENTOFZ,TESTAMENTOFZE,TESTAMENTOFZEB,TESTAMENTOFZEBU,TESTAMENTOFZEBUL,TESTAMENTOFZEBULU,TESTAMENTOFZEBULUN,TSZ
(Unknown)	(Unknown)	Josephus Jewish War VI	JJW	270	378					JosephusJWvi																PS		JJ,JJW,JOSE,JOSEP,JOSEPH,JOSEPHU,JOSEPHUS,JOSEPHUS J,JOSEPHUS JE,JOSEPHUS JEW,JOSEPHUS JEWI,JOSEPHUS JEWIS,JOSEPHUS JEWISH,JOSEPHUS JEWISH W,JOSEPHUS JEWISH WA,JOSEPHUS JEWISH WAR,JOSEPHUS JEWISH WAR V,JOSEPHUS JEWISH WAR VI,JOSEPHUSJ,JOSEPHUSJE,JOSEPHUSJEW,JOSEPHUSJEWI,JOSEPHUSJEWIS,JOSEPHUSJEWISH,JOSEPHUSJEWISHW,JOSEPHUSJEWISHWA,JOSEPHUSJEWISHWAR,JOSEPHUSJEWISHWARV,JOSEPHUSJEWISHWARVI,JOSEPHUSJW,JOSEPHUSJWV,JOSEPHUSJWVI
el-x-koine	(Unknown)	Shepherd of Hermas	SHE	280	394					Herm		She														PS		SHE,SHEPHERD OF HERMAS,SHEPHERDOFHERMAS
el-x-koine	(Unknown)	Shepherd of Hermas Mandates	SHM	281	395					Herm																PS		SHEPHERD OF HERMAS M,SHEPHERD OF HERMAS MA,SHEPHERD OF HERMAS MAN,SHEPHERD OF HERMAS MAND,SHEPHERD OF HERMAS MANDA,SHEPHERD OF HERMAS MANDAT,SHEPHERD OF HERMAS MANDATE,SHEPHERD OF HERMAS MANDATES,SHEPHERDOFHERMASM,SHEPHERDOFHERMASMA,SHEPHERDOFHERMASMAN,SHEPHERDOFHERMASMAND,SHEPHERDOFHERMASMANDA,SHEPHERDOFHERMASMANDAT,SHEPHERDOFHERMASMANDATE,SHEPHERDOFHERMASMANDATES,SHM
el-x-koine	(Unknown)	Shepherd of Hermas Similitudes	SHS	282	396					Herm																PS		SHEPHERD OF HERMAS S,SHEPHERD OF HERMAS SI,SHEPHERD OF HERMAS SIM,SHEPHERD OF HERMAS SIMI,SHEPHERD OF HERMAS SIMIL,SHEPHERD OF HERMAS SIMILI,SHEPHERD OF HERMAS SIMILIT,SHEPHERD OF HERMAS SIMILITU,SHEPHERD OF HERMAS SIMILITUD,SHEPHERD OF HERMAS SIMILITUDE,SHEPHERD OF HERMAS SIMILITUDES,SHEPHERDOFHERMASS,SHEPHERDOFHERMASSI,SHEPHERDOFHERMASSIM,SHEPHERDOFHERMASSIMI,SHEPHERDOFHERMASSIMIL,SHEPHERDOFHERMASSIMILI,SHEPHERDOFHERMASSIMILIT,SHEPHERDOFHERMASSIMILITU,SHEPHERDOFHERMASSIMILITUD,SHEPHERDOFHERMASSIMILITUDE,SHEPHERDOFHERMASSIMILITUDES,SHS
el-x-koine	(Unknown)	Shepherd of Hermas Visions	SHV	283	397					Herm																PS		SHEPHERD OF HERMAS V,SHEPHERD OF HERMAS VI,SHEPHERD OF HERMAS VIS,SHEPHERD OF HERMAS VISI,SHEPHERD OF HERMAS VISIO,SHEPHERD OF HERMAS VISION,SHEPHERD OF HERMAS VISIONS,SHEPHERDOFHERMASV,SHEPHERDOFHERMASVI,SHEPHERDOFHERMASVIS,SHEPHERDOFHERMASVISI,SHEPHERDOFHERMASVISIO,SHEPHERDOFHERMASVISION,SHEPHERDOFHERMASVISIONS,SHV
(Unknown)	(Unknown)	Ignatius to the Ephesians	IGE	290	730					IgnEph																PS		IGE,IGNATIUS TO THE E,IGNATIUS TO THE EP,IGNATIUS TO THE EPH,IGNATIUS TO THE EPHE,IGNATIUS TO THE EPHES,IGNATIUS TO THE EPHESI,IGNATIUS TO THE EPHESIA,IGNATIUS TO THE EPHESIAN,IGNATIUS TO THE EPHESIANS,IGNATIUSTOTHEE,IGNATIUSTOTHEEP,IGNATIUSTOTHEEPH,IGNATIUSTOTHEEPHE,IGNATIUSTOTHEEPHES,IGNATIUSTOTHEEPHESI,IGNATIUSTOTHEEPHESIA,IGNATIUSTOTHEEPHESIAN,IGNATIUSTOTHEEPHESIANS,IGNE,IGNEP,IGNEPH
(Unknown)	(Unknown)	Ignatius to the Magnesians	IGM	291	731					IgnMagn																PS		IGM,IGNATIUS TO THE M,IGNATIUS TO THE MA,IGNATIUS TO THE MAG,IGNATIUS TO THE MAGN,IGNATIUS TO THE MAGNE,IGNATIUS TO THE MAGNES,IGNATIUS TO THE MAGNESI,IGNATIUS TO THE MAGNESIA,IGNATIUS TO THE MAGNESIAN,IGNATIUS TO THE MAGNESIANS,IGNATIUSTOTHEM,IGNATIUSTOTHEMA,IGNATIUSTOTHEMAG,IGNATIUSTOTHEMAGN,IGNATIUSTOTHEMAGNE,IGNATIUSTOTHEMAGNES,IGNATIUSTOTHEMAGNESI,IGNATIUSTOTHEMAGNESIA,IGNATIUSTOTHEMAGNESIAN,IGNATIUSTOTHEMAGNESIANS,IGNM,IGNMA,IGNMAG,IGNMAGN
(Unknown)	(Unknown)	Ignatius to the Trallians	IGT	292	732					IgnTrall																PS		IGNATIUS TO THE T,IGNATIUS TO THE TR,IGNATIUS TO THE TRA,IGNATIUS TO THE TRAL,IGNATIUS TO THE TRALL,IGNATIUS TO THE TRALLI,IGNATIUS TO THE TRALLIA,IGNATIUS TO THE TRALLIAN,IGNATIUS TO THE TRALLIANS,IGNATIUSTOTHET,IGNATIUSTOTHETR,IGNATIUSTOTHETRA,IGNATIUSTOTHETRAL,IGNATIUSTOTHETRALL,IGNATIUSTOTHETRALLI,IGNATIUSTOTHETRALLIA,IGNATIUSTOTHETRALLIAN,IGNATIUSTOTHETRALLIANS,IGNT,IGNTR,IGNTRA,IGNTRAL,IGNTRALL,IGT
(Unknown)	(Unknown)	Ignatius to the Romans	IGR	293	733					IgnRom																PS		IGNATIUS TO THE R,IGNATIUS TO THE RO,IGNATIUS TO THE ROM,IGNATIUS TO THE ROMA,IGNATIUS TO THE ROMAN,IGNATIUS TO THE ROMANS,IGNATIUSTOTHER,IGNATIUSTOTHERO,IGNATIUSTOTHEROM,IGNATIUSTOTHEROMA,IGNATIUSTOTHEROMAN,IGNATIUSTOTHEROMANS,IGNR,IGNRO,IGNROM,IGR
(Unknown)	(Unknown)	Ignatius to the Philadelphians	IGP	294	734					IgnPhld																PS		IGNATIUS TO THE P,IGNATIUS TO THE PH,IGNATIUS TO THE PHI,IGNATIUS TO THE PHIL,IGNATIUS TO THE PHILA,IGNATIUS TO THE PHILAD,IGNATIUS TO THE PHILADE,IGNATIUS TO THE PHILADEL,IGNATIUS TO THE PHILADELP,IGNATIUS TO THE PHILADELPH,IGNATIUS TO THE PHILADELPHI,IGNATIUS TO THE PHILADELPHIA,IGNATIUS TO THE PHILADELPHIAN,IGNATIUS TO THE PHILADELPHIANS,IGNATIUSTOTHEP,IGNATIUSTOTHEPH,IGNATIUSTOTHEPHI,IGNATIUSTOTHEPHIL,IGNATIUSTOTHEPHILA,IGNATIUSTOTHEPHILAD,IGNATIUSTOTHEPHILADE,IGNATIUSTOTHEPHILADEL,IGNATIUSTOTHEPHILADELP,IGNATIUSTOTHEPHILADELPH,IGNATIUSTOTHEPHILADELPHI,IGNATIUSTOTHEPHILADELPHIA,IGNATIUSTOTHEPHILADELPHIAN,IGNATIUSTOTHEPHILADELPHIANS,IGNPH,IGNPHL,IGNPHLD,IGP
(Unknown)	(Unknown)	Ignatius to the Smyrnaeans	IGS	295	735					IgnSmyrn																PS		IGNATIUS TO THE S,IGNATIUS TO THE SM,IGNATIUS TO THE SMY,IGNATIUS TO THE SMYR,IGNATIUS TO THE SMYRN,IGNATIUS TO THE SMYRNA,IGNATIUS TO THE SMYRNAE,IGNATIUS TO THE SMYRNAEA,IGNATIUS TO THE SMYRNAEAN,IGNATIUS TO THE SMYRNAEANS,IGNATIUSTOTHES,IGNATIUSTOTHESM,IGNATIUSTOTHESMY,IGNATIUSTOTHESMYR,IGNATIUSTOTHESMYRN,IGNATIUSTOTHESMYRNA,IGNATIUSTOTHESMYRNAE,IGNATIUSTOTHESMYRNAEA,IGNATIUSTOTHESMYRNAEAN,IGNATIUSTOTHESMYRNAEANS,IGNS,IGNSM,IGNSMY,IGNSMYR,IGNSMYRN,IGS
(Unknown)	(Unknown)	Ignatius to Polycarp	IGC	296	736					IgnPol																PS		IGC,IGNATIUS TO P,IGNATIUS TO PO,IGNATIUS TO POL,IGNATIUS TO POLY,IGNATIUS TO POLYC,IGNATIUS TO POLYCA,IGNATIUS TO POLYCAR,IGNATIUS TO POLYCARP,IGNATIUSTOP,IGNATIUSTOPO,IGNATIUSTOPOL,IGNATIUSTOPOLY,IGNATIUSTOPOLYC,IGNATIUSTOPOLYCA,IGNATIUSTOPOLYCAR,IGNATIUSTOPOLYCARP,IGNPO,IGNPOL
(Unknown)	(Unknown)	Polycarp to the Philippians	PCP	297	740					PolPhil																PS		PC,PCP,PO,POL,POLP,POLPH,POLPHI,POLPHIL,POLY,POLYC,POLYCA,POLYCAR,POLYCARP,POLYCARP T,POLYCARP TO,POLYCARP TO T,POLYCARP TO TH,POLYCARP TO THE,POLYCARP TO THE P,POLYCARP TO THE PH,POLYCARP TO THE PHI,POLYCARP TO THE PHIL,POLYCARP TO THE PHILI,POLYCARP TO THE PHILIP,POLYCARP TO THE PHILIPP,POLYCARP TO THE PHILIPPI,POLYCARP TO THE PHILIPPIA,POLYCARP TO THE PHILIPPIAN,POLYCARP TO THE PHILIPPIANS,POLYCARPT,POLYCARPTO,POLYCARPTOT,POLYCARPTOTH,POLYCARPTOTHE,POLYCARPTOTHEP,POLYCARPTOTHEPH,POLYCARPTOTHEPHI,POLYCARPTOTHEPHIL,POLYCARPTOTHEPHILI,POLYCARPTOTHEPHILIP,POLYCARPTOTHEPHILIPP,POLYCARPTOTHEPHILIPPI,POLYCARPTOTHEPHILIPPIA,POLYCARPTOTHEPHILIPPIAN,POLYCARPTOTHEPHILIPPIANS
(Unknown)	(Unknown)	Martydom of Polycarp	MPC	298	741					MartPol																PS		MARTP,MARTPO,MARTPOL,MARTYD,MARTYDO,MARTYDOM,MARTYDOM O,MARTYDOM OF,MARTYDOM OF P,MARTYDOM OF PO,MARTYDOM OF POL,MARTYDOM OF POLY,MARTYDOM OF POLYC,MARTYDOM OF POLYCA,MARTYDOM OF POLYCAR,MARTYDOM OF POLYCARP,MARTYDOMO,MARTYDOMOF,MARTYDOMOFP,MARTYDOMOFPO,MARTYDOMOFPOL,MARTYDOMOFPOLY,MARTYDOMOFPOLYC,MARTYDOMOFPOLYCA,MARTYDOMOFPOLYCAR,MARTYDOMOFPOLYCARP,MP,MPC
(Unknown)	(Unknown)	Diognetus	DIO	300	750		Dio			Diogn																PS		DIO,DIOG,DIOGN,DIOGNE,DIOGNET,DIOGNETU,DIOGNETUS
(Unknown)	(Unknown)	Apostles' Creed	APC	301	751					AposCreed																PS		APC,APOSC,APOSCR,APOSCRE,APOSCREE,APOSCREED,APOSTL,APOSTLE,APOSTLES,APOSTLES',APOSTLES' C,APOSTLES' CR,APOSTLES' CRE,APOSTLES' CREE,APOSTLES' CREED,APOSTLES'C,APOSTLES'CR,APOSTLES'CRE,APOSTLES'CREE,APOSTLES'CREED
(Unknown)	(Unknown)	Fragments of Papias	FOP	302	752					PapFrag																PS		FOP,FRAGMENTS,FRAGMENTS O,FRAGMENTS OF,FRAGMENTS OF P,FRAGMENTS OF PA,FRAGMENTS OF PAP,FRAGMENTS OF PAPI,FRAGMENTS OF PAPIA,FRAGMENTS OF PAPIAS,FRAGMENTSO,FRAGMENTSOF,FRAGMENTSOFP,FRAGMENTSOFPA,FRAGMENTSOFPAP,FRAGMENTSOFPAPI,FRAGMENTSOFPAPIA,FRAGMENTSOFPAPIAS,PAP,PAPF,PAPFR,PAPFRA,PAPFRAG
(Unknown)	(Unknown)	Reliques of the Elders	ROE	303	753					RelElders																PS		REL,RELE,RELEL,RELELD,RELELDE,RELELDER,RELELDERS,RELI,RELIQ,RELIQU,RELIQUE,RELIQUES,RELIQUES O,RELIQUES OF,RELIQUES OF T,RELIQUES OF TH,RELIQUES OF THE,RELIQUES OF THE E,RELIQUES OF THE EL,RELIQUES OF THE ELD,RELIQUES OF THE ELDE,RELIQUES OF THE ELDER,RELIQUES OF THE ELDERS,RELIQUESO,RELIQUESOF,RELIQUESOFT,RELIQUESOFTH,RELIQUESOFTHE,RELIQUESOFTHEE,RELIQUESOFTHEEL,RELIQUESOFTHEELD,RELIQUESOFTHEELDE,RELIQUESOFTHEELDER,RELIQUESOFTHEELDERS,ROE
(Unknown)	(Unknown)	Fragment of Quadratus	FOQ	304	754					QuadFrag																PS		FOQ,FRAGMENT O,FRAGMENT OF,FRAGMENT OF Q,FRAGMENT OF QU,FRAGMENT OF QUA,FRAGMENT OF QUAD,FRAGMENT OF QUADR,FRAGMENT OF QUADRA,FRAGMENT OF QUADRAT,FRAGMENT OF QUADRATU,FRAGMENT OF QUADRATUS,FRAGMENTO,FRAGMENTOF,FRAGMENTOFQ,FRAGMENTOFQU,FRAGMENTOFQUA,FRAGMENTOFQUAD,FRAGMENTOFQUADR,FRAGMENTOFQUADRA,FRAGMENTOFQUADRAT,FRAGMENTOFQUADRATU,FRAGMENTOFQUADRATUS,QU,QUA,QUAD,QUADF,QUADFR,QUADFRA,QUADFRAG
(Unknown)	(Unknown)	Tatian / Tatian's Diatessaron / Diatessaron	TAT	310	760					TatDiat																PS		DIA,DIAT,DIATE,DIATES,DIATESS,DIATESSA,DIATESSAR,DIATESSARO,DIATESSARON,TAT,TATD,TATDI,TATDIA,TATDIAT,TATI,TATIA,TATIAN,TATIAN',TATIAN'S,TATIAN'S D,TATIAN'S DI,TATIAN'S DIA,TATIAN'S DIAT,TATIAN'S DIATE,TATIAN'S DIATES,TATIAN'S DIATESS,TATIAN'S DIATESSA,TATIAN'S DIATESSAR,TATIAN'S DIATESSARO,TATIAN'S DIATESSARON,TATIAN'SD,TATIAN'SDI,TATIAN'SDIA,TATIAN'SDIAT,TATIAN'SDIATE,TATIAN'SDIATES,TATIAN'SDIATESS,TATIAN'SDIATESSA,TATIAN'SDIATESSAR,TATIAN'SDIATESSARO,TATIAN'SDIATESSARON
(Unknown)	(Unknown)	Plea for Deliverance	P4D	400	770												89									DSS5		P4,P4D,PLE,PLEA,PLEA F,PLEA FO,PLEA FOR,PLEA FOR D,PLEA FOR DE,PLEA FOR DEL,PLEA FOR DELI,PLEA FOR DELIV,PLEA FOR DELIVE,PLEA FOR DELIVER,PLEA FOR DELIVERA,PLEA FOR DELIVERAN,PLEA FOR DELIVERANC,PLEA FOR DELIVERANCE,PLEAF,PLEAFO,PLEAFOR,PLEAFORD,PLEAFORDE,PLEAFORDEL,PLEAFORDELI,PLEAFORDELIV,PLEAFORDELIVE,PLEAFORDELIVER,PLEAFORDELIVERA,PLEAFORDELIVERAN,PLEAFORDELIVERANC,PLEAFORDELIVERANCE
(Unknown)	(Unknown)	Apostrophe to Zion	A2Z	401	771												90									DSS5		A2Z,APOSTROPHE TO Z,APOSTROPHE TO ZI,APOSTROPHE TO ZIO,APOSTROPHE TO ZION,APOSTROPHETOZ,APOSTROPHETOZI,APOSTROPHETOZIO,APOSTROPHETOZION
(Unknown)	(Unknown)	Eschatalogical Hymn	EHY	402	772												91									DSS5		EH,EHY,ESCH,ESCHA,ESCHAT,ESCHATA,ESCHATAL,ESCHATALO,ESCHATALOG,ESCHATALOGI,ESCHATALOGIC,ESCHATALOGICA,ESCHATALOGICAL,ESCHATALOGICAL H,ESCHATALOGICAL HY,ESCHATALOGICAL HYM,ESCHATALOGICAL HYMN,ESCHATALOGICALH,ESCHATALOGICALHY,ESCHATALOGICALHYM,ESCHATALOGICALHYMN
(Unknown)	(Unknown)	Apostrophe to Judah	A2J	403	773												92									DSS5		A2J,APOSTROPHE TO J,APOSTROPHE TO JU,APOSTROPHE TO JUD,APOSTROPHE TO JUDA,APOSTROPHE TO JUDAH,APOSTROPHETOJ,APOSTROPHETOJU,APOSTROPHETOJUD,APOSTROPHETOJUDA,APOSTROPHETOJUDAH
(Unknown)	(Unknown)	Hymn to the Creator	H2C	404	774												93									DSS5		H2,H2C,HYM,HYMN,HYMN T,HYMN TO,HYMN TO T,HYMN TO TH,HYMN TO THE,HYMN TO THE C,HYMN TO THE CR,HYMN TO THE CRE,HYMN TO THE CREA,HYMN TO THE CREAT,HYMN TO THE CREATO,HYMN TO THE CREATOR,HYMNT,HYMNTO,HYMNTOT,HYMNTOTH,HYMNTOTHE,HYMNTOTHEC,HYMNTOTHECR,HYMNTOTHECRE,HYMNTOTHECREA,HYMNTOTHECREAT,HYMNTOTHECREATO,HYMNTOTHECREATOR
(Unknown)	(Unknown)	David's Compositions	CMP	405	775												94									DSS5		CM,CMP,DAV,DAVI,DAVID,DAVID',DAVID'S,DAVID'S C,DAVID'S CO,DAVID'S COM,DAVID'S COMP,DAVID'S COMPO,DAVID'S COMPOS,DAVID'S COMPOSI,DAVID'S COMPOSIT,DAVID'S COMPOSITI,DAVID'S COMPOSITIO,DAVID'S COMPOSITION,DAVID'S COMPOSITIONS,DAVID'SC,DAVID'SCO,DAVID'SCOM,DAVID'SCOMP,DAVID'SCOMPO,DAVID'SCOMPOS,DAVID'SCOMPOSI,DAVID'SCOMPOSIT,DAVID'SCOMPOSITI,DAVID'SCOMPOSITIO,DAVID'SCOMPOSITION,DAVID'SCOMPOSITIONS
(Unknown)	(Unknown)	Apocryphal Psalms	APS	406	776												95									DSS5		APOCRYPHAL P,APOCRYPHAL PS,APOCRYPHAL PSA,APOCRYPHAL PSAL,APOCRYPHAL PSALM,APOCRYPHAL PSALMS,APOCRYPHALP,APOCRYPHALPS,APOCRYPHALPSA,APOCRYPHALPSAL,APOCRYPHALPSALM,APOCRYPHALPSALMS,APS
(Unknown)	(Unknown)	Catena	CAT	407	777												101									DSS5		CAT,CATE,CATEN,CATENA
(Unknown)	(Unknown)	Psalm 151A	P1A	408	778												102									DSS5		P1A,PSALM 151A,PSALM151A
(Unknown)	(Unknown)	Psalm 151B	P1B	409	779												103									DSS5		P1B,PSALM 151B,PSALM151B
hbo	(Unknown)	Book of the Pentateuch / Pentateuch / Torah / Books of Moses	MOS	600	18	187	Mos																	GEN,EXO,LEV,NUM,DEU	GEN,EXO,LEV,NUM,DEU	OT	Pentateuch	BOOK OF THE PE,BOOK OF THE PEN,BOOK OF THE PENT,BOOK OF THE PENTA,BOOK OF THE PENTAT,BOOK OF THE PENTATE,BOOK OF THE PENTATEU,BOOK OF THE PENTATEUC,BOOK OF THE PENTATEUCH,BOOKOFTHEPE,BOOKOFTHEPEN,BOOKOFTHEPENT,BOOKOFTHEPENTA,BOOKOFTHEPENTAT,BOOKOFTHEPENTATE,BOOKOFTHEPENTATEU,BOOKOFTHEPENTATEUC,BOOKOFTHEPENTATEUCH,BOOKS,BOOKS O,BOOKS OF,BOOKS OF M,BOOKS OF MO,BOOKS OF MOS,BOOKS OF MOSE,BOOKS OF MOSES,BOOKSO,BOOKSOF,BOOKSOFM,BOOKSOFMO,BOOKSOFMOS,BOOKSOFMOSE,BOOKSOFMOSES,MO,MOS,PEN,PENT,PENTA,PENTAT,PENTATE,PENTATEU,PENTATEUC,PENTATEUCH,TOR,TORA,TORAH
hbo	שְׁמוּאֵל	Samuel	SAM	605	36	55	Sam																	SA1,SA2	SA1,SA2	OT	Historical	SAM,SAMUEL
hbo	מְלָכִים	Kings	KGS	610	42	47	Ki																	KI1,KI2	KI1,KI2	OT	Historical	KG,KGS,KI,KIN,KING,KINGS
hbo	(Unknown)	Samuel-Kings	SMK	615	43	102																		SAM,KGS,SA1,SA2,KI1,KI2		NT	Historical	SAMUEL-,SAMUEL-K,SAMUEL-KI,SAMUEL-KIN,SAMUEL-KING,SAMUEL-KINGS,SMK
hbo	דִּבְרֵי הַיָּמִים	Chronicles	CHR	620	48	65	Chr																	CH1,CH2	CH1,CH2	OT	Historical	CHR,CHRO,CHRON,CHRONI,CHRONIC,CHRONICL,CHRONICLE,CHRONICLES
(Unknown)	(Unknown)	Ezra-Nehemiah / 1 Esdras	EZN	625	65	26		Ezra	Ezra	Ezra		Ezr	15						Ezr	Ezr				EZR,NEH	EZR,NEH	OT	Historical	EZN,EZRA-,EZRA-N,EZRA-NE,EZRA-NEH,EZRA-NEHE,EZRA-NEHEM,EZRA-NEHEMI,EZRA-NEHEMIA,EZRA-NEHEMIAH
hbo	(Unknown)	Twelve Prophets	P12	630	150																			SPR,HOS,JOL,AMO,OBA,JNA,MIC,NAH,HAB,ZEP,HAG,ZEC,MAL	HOS,JOL,AMO,OBA,JNA,MIC,NAH,HAB,ZEP,HAG,ZEC,MAL	OT	Minor Prophets	P12,TW,TWE,TWEL,TWELV,TWELVE,TWELVE P,TWELVE PR,TWELVE PRO,TWELVE PROP,TWELVE PROPH,TWELVE PROPHE,TWELVE PROPHET,TWELVE PROPHETS,TWELVEP,TWELVEPR,TWELVEPRO,TWELVEPROP,TWELVEPROPH,TWELVEPROPHE,TWELVEPROPHET,TWELVEPROPHETS
hbo	(Unknown)	Book of Women	WOM	640	33																			RUT,SUS,EST,JDT	RUT,SUS,EST,JDT	OT		BOOK OF W,BOOK OF WO,BOOK OF WOM,BOOK OF WOME,BOOK OF WOMEN,BOOKOFW,BOOKOFWO,BOOKOFWOM,BOOKOFWOME,BOOKOFWOMEN,WOM
hbo	(Unknown)	Book of Sessions	SES	645	31																			JOS,JDG,SA1,SA2,KI1,KI2,PRO,ECC,RUT,SNG,SIR,JOB	JOS,JDG,SA1,SA2,KI1,KI2,PRO,ECC,RUT,SNG,SIR,JOB	OT		BOOK OF S,BOOK OF SE,BOOK OF SES,BOOK OF SESS,BOOK OF SESSI,BOOK OF SESSIO,BOOK OF SESSION,BOOK OF SESSIONS,BOOKOFS,BOOKOFSE,BOOKOFSES,BOOKOFSESS,BOOKOFSESSI,BOOKOFSESSIO,BOOKOFSESSION,BOOKOFSESSIONS,SES
hbo	(Unknown)	Book of the Prophets	SPR	650	155																			P12,ISA,JER,LAM,HOS,JOL,AMO,OBA,JNA,MIC,NAH,HAB,ZEP,HAG,ZEC,MAL	ISA,JER,LAM,HOS,JOL,AMO,OBA,JNA,MIC,NAH,HAB,ZEP,HAG,ZEC,MAL	OT		BOOK OF THE PR,BOOK OF THE PRO,BOOK OF THE PROP,BOOK OF THE PROPH,BOOK OF THE PROPHE,BOOK OF THE PROPHET,BOOK OF THE PROPHETS,BOOKOFTHEPR,BOOKOFTHEPRO,BOOKOFTHEPROP,BOOKOFTHEPROPH,BOOKOFTHEPROPHE,BOOKOFTHEPROPHET,BOOKOFTHEPROPHETS,SPR
hbo	(Unknown)	Book of the Maccabees	SMC	655	180																			MA1,MA2,MA3,CH1,CH2,EZR,NEH,WIS,JDT,EST,SUS,LJE,LBA,BAR	MA1,MA2,MA3,CH1,CH2,EZR,NEH,WIS,JDT,EST,SUS,LJE,LBA,BAR	OT		BOOK OF THE M,BOOK OF THE MA,BOOK OF THE MAC,BOOK OF THE MACC,BOOK OF THE MACCA,BOOK OF THE MACCAB,BOOK OF THE MACCABE,BOOK OF THE MACCABEE,BOOK OF THE MACCABEES,BOOKOFTHEM,BOOKOFTHEMA,BOOKOFTHEMAC,BOOKOFTHEMACC,BOOKOFTHEMACCA,BOOKOFTHEMACCAB,BOOKOFTHEMACCABE,BOOKOFTHEMACCABEE,BOOKOFTHEMACCABEES,SMC
el-x-koine	(Unknown)	Luke-Acts	LKA	690	608	52																		LUK,ACT	LUK,ACT	NT		LKA,LUKE-,LUKE-A,LUKE-AC,LUKE-ACT,LUKE-ACTS
(None)	(Generic front matter)	Generic front matter	FRT	700	5							Frt	A0	100		67										FRT		FRT,GENERIC F,GENERIC FR,GENERIC FRO,GENERIC FRON,GENERIC FRONT,GENERIC FRONT M,GENERIC FRONT MA,GENERIC FRONT MAT,GENERIC FRONT MATT,GENERIC FRONT MATTE,GENERIC FRONT MATTER,GENERICF,GENERICFR,GENERICFRO,GENERICFRON,GENERICFRONT,GENERICFRONTM,GENERICFRONTMA,GENERICFRONTMAT,GENERICFRONTMATT,GENERICFRONTMATTE,GENERICFRONTMATTER
(None)	Preface	Preface	PRF	705	1																					FRT		PREF,PREFA,PREFAC,PREFACE,PRF
(None)	Acknowledgements	Acknowledgements	ACK	710	2																					FRT		ACK,ACKN,ACKNO,ACKNOW,ACKNOWL,ACKNOWLE,ACKNOWLED,ACKNOWLEDG,ACKNOWLEDGE,ACKNOWLEDGEM,ACKNOWLEDGEME,ACKNOWLEDGEMEN,ACKNOWLEDGEMENT,ACKNOWLEDGEMENTS
(None)	Introduction	Introduction	INT	715	3							Int		107												FRT		IN,INT,INTR,INTRO,INTROD,INTRODU,INTRODUC,INTRODUCT,INTRODUCTI,INTRODUCTIO,INTRODUCTION
(None)	(Table of Contents)	Table of Contents	TOC	720	8																					FRT		TAB,TABL,TABLE,TABLE O,TABLE OF,TABLE OF C,TABLE OF CO,TABLE OF CON,TABLE OF CONT,TABLE OF CONTE,TABLE OF CONTEN,TABLE OF CONTENT,TABLE OF CONTENTS,TABLEO,TABLEOF,TABLEOFC,TABLEOFCO,TABLEOFCON,TABLEOFCONT,TABLEOFCONTE,TABLEOFCONTEN,TABLEOFCONTENT,TABLEOFCONTENTS,TOC
(None)	Glossary	Glossary	GLS	725	800							Glo	A9	109												BAK		GLO,GLOS,GLOSS,GLOSSA,GLOSSAR,GLOSSARY,GLS
(None)	Concordance	Concordance	CNC	730	810							Cnc														BAK		CNC,CON,CONC,CONCO,CONCOR,CONCORD,CONCORDA,CONCORDAN,CONCORDANC,CONCORDANCE
(None)	(Topical Concordance)	Topical Concordance	TPC	735	820																					BAK		TOP,TOPI,TOPIC,TOPICA,TOPICAL,TOPICAL C,TOPICAL CO,TOPICAL CON,TOPICAL CONC,TOPICAL CONCO,TOPICAL CONCOR,TOPICAL CONCORD,TOPICAL CONCORDA,TOPICAL CONCORDAN,TOPICAL CONCORDANC,TOPICAL CONCORDANCE,TOPICALC,TOPICALCO,TOPICALCON,TOPICALCONC,TOPICALCONCO,TOPICALCONCOR,TOPICALCONCORD,TOPICALCONCORDA,TOPICALCONCORDAN,TOPICALCONCORDANC,TOPICALCONCORDANCE,TP,TPC
(None)	(Names Index)	Names Index	IXN	740	830							NDX		111												BAK		IXN,NAME,NAMES,NAMES I,NAMES IN,NAMES IND,NAMES INDE,NAMES INDEX,NAMESI,NAMESIN,NAMESIND,NAMESINDE,NAMESINDEX,ND,NDX
(None)	(Places Index)	Places Index	IXP	745	840																					BAK		IXP,PLA,PLAC,PLACE,PLACES,PLACES I,PLACES IN,PLACES IND,PLACES INDE,PLACES INDEX,PLACESI,PLACESIN,PLACESIND,PLACESINDE,PLACESINDEX
(None)	Maps	Maps	MAP	750	890																					BAK		MAP,MAPS
(None)	(Thematic Index)	Thematic Index	IXT	755	850							TDX		110												BAK		IXT,TD,TDX,THEM,THEMA,THEMAT,THEMATI,THEMATIC,THEMATIC I,THEMATIC IN,THEMATIC IND,THEMATIC INDE,THEMATIC INDEX,THEMATICI,THEMATICIN,THEMATICIND,THEMATICINDE,THEMATICINDEX
(None)	(Generic back matter)	Generic back matter	BAK	760	860							Bak		101		68										BAK		BAK,GENERIC B,GENERIC BA,GENERIC BAC,GENERIC BACK,GENERIC BACK M,GENERIC BACK MA,GENERIC BACK MAT,GENERIC BACK MATT,GENERIC BACK MATTE,GENERIC BACK MATTER,GENERICB,GENERICBA,GENERICBAC,GENERICBACK,GENERICBACKM,GENERICBACKMA,GENERICBACKMAT,GENERICBACKMATT,GENERICBACKMATTE,GENERICBACKMATTER
(None)	(OTHER)	Unspecified other OTH	OTH	870	970							Oth														BAK		OT,OTH,UNSPECIFIED O,UNSPECIFIED OT,UNSPECIFIED OTH,UNSPECIFIED OTHE,UNSPECIFIED OTHER,UNSPECIFIED OTHER O,UNSPECIFIED OTHER OT,UNSPECIFIED OTHER OTH,UNSPECIFIEDO,UNSPECIFIEDOT,UNSPECIFIEDOTH,UNSPECIFIEDOTHE,UNSPECIFIEDOTHER,UNSPECIFIEDOTHERO,UNSPECIFIEDOTHEROT,UNSPECIFIEDOTHEROTH
(None)	(Spelling dictionary / word list)	Spelling dictionary / word list	WRD	880	980																					BAK		SPE,SPEL,SPELL,SPELLI,SPELLIN,SPELLING,SPELLING D,SPELLING DI,SPELLING DIC,SPELLING DICT,SPELLING DICTI,SPELLING DICTIO,SPELLING DICTION,SPELLING DICTIONA,SPELLING DICTIONAR,SPELLING DICTIONARY,SPELLINGD,SPELLINGDI,SPELLINGDIC,SPELLINGDICT,SPELLINGDICTI,SPELLINGDICTIO,SPELLINGDICTION,SPELLINGDICTIONA,SPELLINGDICTIONAR,SPELLINGDICTIONARY,WORD L,WORD LI,WORD LIS,WORD LIST,WORDL,WORDLI,WORDLIS,WORDLIST,WR,WRD
(None)	(Word definitions dictionary)	Word definitions dictionary	WDF	882	982																					BAK		WD,WDF,WORD D,WORD DE,WORD DEF,WORD DEFI,WORD DEFIN,WORD DEFINI,WORD DEFINIT,WORD DEFINITI,WORD DEFINITIO,WORD DEFINITION,WORD DEFINITIONS,WORD DEFINITIONS D,WORD DEFINITIONS DI,WORD DEFINITIONS DIC,WORD DEFINITIONS DICT,WORD DEFINITIONS DICTI,WORD DEFINITIONS DICTIO,WORD DEFINITIONS DICTION,WORD DEFINITIONS DICTIONA,WORD DEFINITIONS DICTIONAR,WORD DEFINITIONS DICTIONARY,WORDD,WORDDE,WORDDEF,WORDDEFI,WORDDEFIN,WORDDEFINI,WORDDEFINIT,WORDDEFINITI,WORDDEFINITIO,WORDDEFINITION,WORDDEFINITIONS,WORDDEFINITIONSD,WORDDEFINITIONSDI,WORDDEFINITIONSDIC,WORDDEFINITIONSDICT,WORDDEFINITIONSDICTI,WORDDEFINITIONSDICTIO,WORDDEFINITIONSDICTION,WORDDEFINITIONSDICTIONA,WORDDEFINITIONSDICTIONAR,WORDDEFINITIONSDICTIONARY
(None)	(Hyphenation dictionary)	Hyphenation dictionary	HYP	884	984																					BAK		HYP,HYPH,HYPHE,HYPHEN,HYPHENA,HYPHENAT,HYPHENATI,HYPHENATIO,HYPHENATION,HYPHENATION D,HYPHENATION DI,HYPHENATION DIC,HYPHENATION DICT,HYPHENATION DICTI,HYPHENATION DICTIO,HYPHENATION DICTION,HYPHENATION DICTIONA,HYPHENATION DICTIONAR,HYPHENATION DICTIONARY,HYPHENATIOND,HYPHENATIONDI,HYPHENATIONDIC,HYPHENATIONDICT,HYPHENATIONDICTI,HYPHENATIONDICTIO,HYPHENATIONDICTION,HYPHENATIONDICTIONA,HYPHENATIONDICTIONAR,HYPHENATIONDICTIONARY
(None)	(Strong's Database)	Strongs Database / Strong's Database	STR	888	988																		STRNGS			BAK		ST,STR,STRN,STRNG,STRNGS,STRO,STRON,STRONG,STRONG',STRONG'S,STRONG'S D,STRONG'S DA,STRONG'S DAT,STRONG'S DATA,STRONG'S DATAB,STRONG'S DATABA,STRONG'S DATABAS,STRONG'S DATABASE,STRONG'SD,STRONG'SDA,STRONG'SDAT,STRONG'SDATA,STRONG'SDATAB,STRONG'SDATABA,STRONG'SDATABAS,STRONG'SDATABASE,STRONGS,STRONGS D,STRONGS DA,STRONGS DAT,STRONGS DATA,STRONGS DATAB,STRONGS DATABA,STRONGS DATABAS,STRONGS DATABASE,STRONGSD,STRONGSDA,STRONGSDAT,STRONGSDATA,STRONGSDATAB,STRONGSDATABA,STRONGSDATABAS,STRONGSDATABASE
(None)	(Semantic Database)	Semantic Database	SEM	890	990																					BAK		SEM,SEMA,SEMAN,SEMANT,SEMANTI,SEMANTIC,SEMANTIC D,SEMANTIC DA,SEMANTIC DAT,SEMANTIC DATA,SEMANTIC DATAB,SEMANTIC DATABA,SEMANTIC DATABAS,SEMANTIC DATABASE,SEMANTICD,SEMANTICDA,SEMANTICDAT,SEMANTICDATA,SEMANTICDATAB,SEMANTICDATABA,SEMANTICDATABAS,SEMANTICDATABASE
(None)	(XXA)	Unspecified extra XXA	XXA	800	900							XXA	94	093		69										BAK		UNSPECIFIED EXTRA XXA,UNSPECIFIEDEXTRAXXA,XXA
(None)	(XXB)	Unspecified extra XXB	XXB	810	910							XXB	95	094												BAK		UNSPECIFIED EXTRA XXB,UNSPECIFIEDEXTRAXXB,XXB
(None)	(XXC)	Unspecified extra XXC	XXC	820	920							XXC	96	095												BAK		UNSPECIFIED EXTRA XXC,UNSPECIFIEDEXTRAXXC,XXC
(None)	(XXD)	Unspecified extra XXD	XXD	830	930							XXD	97	096												BAK		UNSPECIFIED EXTRA XXD,UNSPECIFIEDEXTRAXXD,XXD
(None)	(XXE)	Unspecified extra XXE	XXE	840	940							XXE	98	097												BAK		UNSPECIFIED EXTRA XXE,UNSPECIFIEDEXTRAXXE,XXE
(None)	(XXF)	Unspecified extra XXF	XXF	850	950							XXF	99	098												BAK		UNSPECIFIED EXTRA XXF,UNSPECIFIEDEXTRAXXF,XXF
(None)	(XXG)	Unspecified extra XXG	XXG	860	960							XXG		099												BAK		UNSPECIFIED EXTRA XXG,UNSPECIFIEDEXTRAXXG,XXG
(None)	Open Bible Stories	Open Bible Stories	OBS	997	997	50																				???		OBS,OP,OPE,OPEN,OPEN B,OPEN BI,OPEN BIB,OPEN BIBL,OPEN BIBLE,OPEN BIBLE S,OPEN BIBLE ST,OPEN BIBLE STO,OPEN BIBLE STOR,OPEN BIBLE STORI,OPEN BIBLE STORIE,OPEN BIBLE STORIES,OPENB,OPENBI,OPENBIB,OPENBIBL,OPENBIBLE,OPENBIBLES,OPENBIBLEST,OPENBIBLESTO,OPENBIBLESTOR,OPENBIBLESTORI,OPENBIBLESTORIE,OPENBIBLESTORIES
(None)	(TEST)	TEST	TST	998	998																					???		TEST,TST
(None)	(UNKNOWN)	UNKNOWN	UNK	999	999																					???		UNK,UNKN,UNKNO,UNKNOW,UNKNOWN
